,temperature,rain_1h,snow_1h,clouds_percentage,population_density_categorical,hour,holiday_Christmas Day,holiday_Columbus Day,holiday_Independence Day,holiday_Labor Day,holiday_Martin Luther King Jr Day,holiday_Memorial Day,holiday_New Years Day,holiday_None,holiday_State Fair,holiday_Thanksgiving Day,holiday_Veterans Day,holiday_Washingtons Birthday
18448,288.21,0.0,0.0,1,0,22,0,0,0,0,0,0,0,1,0,0,0,0
29240,253.16,0.0,0.0,1,1,20,0,0,0,0,0,0,0,1,0,0,0,0
23221,284.91,0.0,0.0,90,1,20,0,0,0,0,0,0,0,1,0,0,0,0
16551,299.83,0.0,0.0,1,3,18,0,0,0,0,0,0,0,1,0,0,0,0
13547,289.84,0.0,0.0,90,0,0,0,0,0,0,0,0,0,1,0,0,0,0
509,287.28,0.0,0.0,1,1,20,0,0,0,0,0,0,0,1,0,0,0,0
41682,262.61,0.0,0.0,40,1,20,0,0,0,0,0,0,0,1,0,0,0,0
39933,267.95,0.0,0.0,1,0,1,0,0,0,0,0,0,0,1,0,0,0,0
29917,270.28,0.0,0.0,90,2,7,0,0,0,0,0,0,0,1,0,0,0,0
36846,295.01,0.0,0.0,40,3,12,0,0,0,0,0,0,0,1,0,0,0,0
43726,292.06,0.0,0.0,1,3,14,0,0,0,0,0,0,0,1,0,0,0,0
11507,267.6,0.25,0.0,64,1,22,0,0,0,0,0,0,0,1,0,0,0,0
2903,261.32,0.0,0.0,75,2,16,0,0,0,0,0,0,0,1,0,0,0,0
46378,288.02,0.0,0.0,1,0,2,0,0,0,0,0,0,0,1,0,0,0,0
27520,280.24,0.0,0.0,0,0,0,0,0,0,0,0,0,0,1,0,0,0,0
33515,290.75,0.0,0.0,90,3,15,0,0,0,0,0,0,0,1,0,0,0,0
10436,258.03,0.0,0.0,64,3,8,0,0,0,0,0,0,0,1,0,0,0,0
21747,281.55,0.0,0.0,40,0,7,0,0,0,0,0,0,0,1,0,0,0,0
21231,263.72,0.0,0.0,90,2,22,0,0,0,0,0,0,0,1,0,0,0,0
29516,266.93,0.0,0.0,90,2,12,0,0,0,0,0,0,0,1,0,0,0,0
39207,280.35,0.0,0.0,1,0,3,0,0,0,0,0,0,0,1,0,0,0,0
7874,292.85,0.0,0.0,92,0,4,0,0,0,0,0,0,0,1,0,0,0,0
38406,274.15,0.0,0.0,90,4,16,0,0,0,0,0,0,0,1,0,0,0,0
42341,276.23,0.0,0.0,1,1,21,0,0,0,0,0,0,0,1,0,0,0,0
46248,287.15,0.0,0.0,1,0,4,0,0,0,0,0,0,0,1,0,0,0,0
9136,299.74,0.0,0.0,0,4,17,0,0,0,0,0,0,0,1,0,0,0,0
15873,299.9,0.0,0.0,1,2,19,0,0,0,0,0,0,0,1,0,0,0,0
18915,296.12,0.0,0.0,75,2,16,0,0,0,0,0,0,0,1,0,0,0,0
38405,274.15,0.0,0.0,90,3,15,0,0,0,0,0,0,0,1,0,0,0,0
9097,295.72,0.0,0.0,48,3,14,0,0,0,0,0,0,0,1,0,0,0,0
33528,283.63,0.0,0.0,1,0,3,0,0,0,0,0,0,0,1,0,0,0,0
36079,292.48,0.0,0.0,75,3,10,0,0,0,0,0,0,0,1,0,0,0,0
41705,263.42,0.0,0.0,40,2,19,0,0,0,0,0,0,0,1,0,0,0,0
34641,294.49,0.0,0.0,40,2,17,0,0,0,0,0,0,0,1,0,0,0,0
8609,296.78,0.0,0.0,48,3,11,0,0,0,0,0,0,0,1,0,0,0,0
27732,287.153,0.0,0.0,92,1,20,0,0,0,0,0,0,0,1,0,0,0,0
42529,274.87,0.0,0.0,90,2,20,0,0,0,0,0,0,0,1,0,0,0,0
20843,271.48,0.0,0.0,90,1,22,0,0,0,0,0,0,0,1,0,0,0,0
44048,284.29,0.0,0.0,75,2,9,0,0,0,0,0,0,0,1,0,0,0,0
10895,255.18,0.0,0.0,64,2,10,0,0,0,0,0,0,0,1,0,0,0,0
17115,287.09,0.0,0.0,1,2,5,0,0,0,0,0,0,0,1,0,0,0,0
4760,275.12,0.0,0.0,1,3,18,0,0,0,0,0,0,0,1,0,0,0,0
33562,292.88,0.0,0.0,40,3,13,0,0,0,0,0,0,0,1,0,0,0,0
1822,269.71,0.0,0.0,0,0,8,0,0,0,0,0,0,0,1,0,0,0,0
43053,270.58,0.0,0.0,90,0,23,0,0,0,0,0,0,0,1,0,0,0,0
46721,291.93,0.0,0.0,1,2,5,0,0,0,0,0,0,0,1,0,0,0,0
20079,266.6,0.0,0.0,90,3,12,0,0,0,0,0,0,0,1,0,0,0,0
21381,275.87,0.0,0.0,75,4,7,0,0,0,0,0,0,0,1,0,0,0,0
7386,299.11,0.0,0.0,1,2,19,0,0,0,0,0,0,0,1,0,0,0,0
16052,300.76,0.0,0.0,1,2,16,0,0,0,0,0,0,0,1,0,0,0,0
41566,267.41,0.0,0.0,1,0,5,0,0,0,0,0,0,0,1,0,0,0,0
41154,258.42,0.0,0.0,1,4,15,0,0,0,0,0,0,0,1,0,0,0,0
35109,298.42,0.0,0.0,1,0,0,0,0,0,0,0,0,0,1,0,0,0,0
31357,275.29,0.0,0.0,90,0,3,0,0,0,0,0,0,0,1,0,0,0,0
37781,284.86,0.0,0.0,90,3,10,0,0,0,0,0,0,0,1,0,0,0,0
32303,284.15,0.0,0.0,90,2,20,0,0,0,0,0,0,0,1,0,0,0,0
6695,288.91,0.0,0.0,92,4,16,0,0,0,0,0,0,0,1,0,0,0,0
14494,283.79,0.64,0.0,0,2,5,0,0,0,0,0,0,0,1,0,0,0,0
29115,260.21,0.0,0.0,1,0,4,0,0,0,0,0,0,0,1,0,0,0,0
6934,291.32,0.61,0.0,32,0,2,0,0,0,0,0,0,0,1,0,0,0,0
16447,301.06,0.0,0.0,1,3,18,0,0,0,0,0,0,0,1,0,0,0,0
26416,293.16,0.51,0.0,90,3,8,0,0,0,0,0,0,0,1,0,0,0,0
1072,279.87,0.0,0.0,90,0,1,0,0,0,0,0,0,0,1,0,0,0,0
39573,259.43,0.0,0.0,40,3,8,0,0,0,0,0,0,0,1,0,0,0,0
7854,288.32,7.11,0.0,0,3,9,0,0,0,0,0,0,0,1,0,0,0,0
27247,289.914,0.0,0.0,56,0,0,0,0,0,0,0,0,0,1,0,0,0,0
21121,276.21,0.0,0.0,75,1,8,0,0,0,0,0,0,0,1,0,0,0,0
47391,294.1,0.32,0.0,90,4,8,0,0,0,0,0,0,0,1,0,0,0,0
38630,273.08,0.0,0.0,90,1,21,0,0,0,0,0,0,0,1,0,0,0,0
14033,283.56,0.0,0.0,90,0,2,0,0,0,0,0,0,0,1,0,0,0,0
19418,284.58,0.0,0.0,90,3,14,0,0,0,0,0,0,0,1,0,0,0,0
41231,259.58,0.0,0.0,40,0,1,0,0,0,0,0,0,0,1,0,0,0,0
2389,255.5,0.0,0.0,1,0,4,0,0,0,0,0,0,0,1,0,0,0,0
28299,273.71,0.0,0.0,1,0,3,0,0,0,0,0,0,0,1,0,0,0,0
31829,276.02,0.0,0.0,90,2,19,0,0,0,0,0,0,0,1,0,0,0,0
47527,284.77,0.0,0.0,1,1,6,0,0,0,0,0,0,0,1,0,0,0,0
17638,296.57,0.25,0.0,90,2,19,0,0,0,0,0,0,0,1,0,0,0,0
1034,282.49,0.0,0.0,1,3,12,0,0,0,0,0,0,0,1,0,0,0,0
47285,299.52,0.25,0.0,40,3,13,0,0,0,0,0,0,0,1,0,0,0,0
47378,294.27,0.25,0.0,90,0,2,0,0,0,0,0,0,0,1,0,0,0,0
36428,289.55,0.0,0.0,1,2,9,0,0,0,0,0,0,0,1,0,0,0,0
6574,292.41,0.0,0.0,90,1,22,0,0,0,0,0,0,0,1,0,0,0,0
4304,270.84,0.0,0.0,75,3,10,0,0,0,0,0,0,0,1,0,0,0,0
20253,260.62,0.0,0.0,1,0,2,0,0,0,0,0,0,0,1,0,0,0,0
43861,295.74,0.0,0.0,20,2,14,0,0,0,0,0,0,0,1,0,0,0,0
32875,279.09,0.0,0.0,90,0,3,0,0,0,0,0,0,0,1,0,0,0,0
42082,272.72,0.0,0.0,90,2,16,0,0,0,0,0,0,0,1,0,0,0,0
46948,297.9,0.0,0.0,20,3,13,0,0,0,0,0,0,0,1,0,0,0,0
4747,266.01,0.0,0.0,1,1,5,0,0,0,0,0,0,0,1,0,0,0,0
46098,289.62,0.0,0.0,1,3,6,0,0,0,0,0,0,0,1,0,0,0,0
18896,286.02,0.0,0.0,90,3,14,0,0,0,0,0,0,0,1,0,0,0,0
3926,266.32,0.0,0.0,1,2,22,0,0,0,0,0,0,0,1,0,0,0,0
40484,274.68,0.0,0.0,1,2,5,0,0,0,0,0,0,0,1,0,0,0,0
15727,288.99,0.0,0.0,1,0,2,0,0,0,0,0,0,0,1,0,0,0,0
27430,283.628,0.0,0.0,0,2,21,0,0,0,0,0,0,0,1,0,0,0,0
272,282.33,0.0,0.0,57,2,10,0,0,0,0,0,0,0,1,0,0,0,0
24455,301.88,0.0,0.0,40,2,19,0,0,0,0,0,0,0,1,0,0,0,0
41792,256.21,0.0,0.0,90,1,7,0,0,0,0,0,0,0,1,0,0,0,0
18023,296.77,0.3,0.0,40,1,9,0,0,0,0,0,0,0,1,0,0,0,0
40631,261.79,0.0,0.0,90,3,13,0,0,0,0,0,0,0,1,0,0,0,0
3364,255.78,0.0,0.0,77,1,5,0,0,0,0,0,0,0,1,0,0,0,0
19741,272.44,0.0,0.0,90,2,6,0,0,0,0,0,0,0,1,0,0,0,0
3210,273.37,0.0,0.0,90,3,12,0,0,0,0,0,0,0,1,0,0,0,0
13157,271.59,0.0,0.0,75,4,17,0,0,0,0,0,0,0,1,0,0,0,0
43677,292.88,0.0,0.0,1,3,17,0,0,0,0,0,0,0,1,0,0,0,0
7820,291.99,0.0,0.0,0,0,2,0,0,0,0,0,0,0,1,0,0,0,0
27918,278.9,0.0,0.0,1,3,8,0,0,0,0,0,0,0,1,0,0,0,0
37879,286.87,0.0,0.0,5,1,21,0,0,0,0,0,0,0,1,0,0,0,0
11661,258.76,0.0,0.0,64,0,2,0,0,0,0,0,0,0,1,0,0,0,0
44052,290.53,0.0,0.0,75,2,13,0,0,0,0,0,0,0,1,0,0,0,0
5799,277.97,0.0,0.0,75,0,0,0,0,0,0,0,0,0,1,0,0,0,0
11913,257.37,0.0,0.0,0,3,18,0,0,0,0,0,0,0,1,0,0,0,0
47897,288.0,0.98,0.0,90,3,7,0,0,0,0,0,0,0,1,0,0,0,0
39520,265.35,0.0,0.0,90,2,12,0,0,0,0,0,0,0,1,0,0,0,0
45789,295.58,0.0,0.0,1,0,3,0,0,0,0,0,0,0,1,0,0,0,0
23206,283.14,0.51,0.0,90,3,10,0,0,0,0,0,0,0,1,0,0,0,0
41860,267.61,0.0,0.0,1,2,22,0,0,0,0,0,0,0,1,0,0,0,0
43359,272.91,0.0,0.0,90,3,14,0,0,0,0,0,0,0,1,0,0,0,0
34394,297.43,0.0,0.0,1,0,5,0,0,0,0,0,0,0,1,0,0,0,0
24248,290.54,0.0,0.0,0,3,6,0,0,0,0,0,0,0,1,0,0,0,0
16855,302.12,0.0,0.0,76,2,14,0,0,0,0,0,0,0,1,0,0,0,0
35887,291.93,0.0,0.0,90,0,1,0,0,0,0,0,0,0,1,0,0,0,0
22501,298.78,0.0,0.0,75,2,18,0,0,0,0,0,0,0,1,0,0,0,0
36052,287.42,0.0,0.0,5,4,7,0,0,0,0,0,0,0,1,0,0,0,0
33054,282.09,0.0,0.0,90,0,1,0,0,0,0,0,0,0,1,0,0,0,0
6489,285.25,0.0,0.0,90,3,9,0,0,0,0,0,0,0,1,0,0,0,0
23368,281.49,0.0,0.0,1,2,9,0,0,0,0,0,0,0,1,0,0,0,0
36970,283.81,0.0,0.0,75,3,9,0,0,0,0,0,0,0,1,0,0,0,0
23521,298.66,0.0,0.0,1,2,19,0,0,0,0,0,0,0,1,0,0,0,0
30077,267.15,0.0,0.0,1,1,21,0,0,0,0,0,0,0,1,0,0,0,0
16755,293.04,0.0,0.0,1,1,22,0,0,0,0,0,0,0,1,0,0,0,0
41740,269.86,0.0,0.0,90,0,0,0,0,0,0,0,0,0,1,0,0,0,0
30303,275.02,0.0,0.0,90,0,0,0,0,0,0,0,0,0,1,0,0,0,0
15964,299.15,0.0,0.0,1,2,19,0,0,0,0,0,0,0,1,0,0,0,0
41769,268.15,0.0,0.0,5,2,20,0,0,0,0,0,0,0,1,0,0,0,0
5566,281.4,0.0,0.0,1,0,2,0,0,0,0,0,0,0,1,0,0,0,0
1429,267.76,0.0,0.0,90,0,1,0,0,0,0,0,0,0,1,0,0,0,0
31094,279.514,0.0,0.0,8,2,21,0,0,0,0,0,0,0,1,0,0,0,0
12330,267.4,0.0,0.0,75,0,3,0,0,0,0,0,0,0,1,0,0,0,0
37900,282.08,0.0,0.0,90,2,18,0,0,0,0,0,0,0,1,0,0,0,0
44589,290.94,0.0,0.0,75,3,6,0,0,0,0,0,0,0,1,0,0,0,0
36848,298.14,0.0,0.0,40,3,14,0,0,0,0,0,0,0,1,0,0,0,0
309,279.82,0.0,0.0,100,4,8,0,0,0,0,0,0,0,1,0,0,0,0
47647,291.08,0.0,0.0,1,0,4,0,0,0,0,0,0,0,1,0,0,0,0
25198,296.1,0.0,0.0,75,0,4,0,0,0,0,0,0,0,1,0,0,0,0
20914,273.48,0.0,0.0,90,1,21,0,0,0,0,0,0,0,1,0,0,0,0
5723,277.23,0.0,0.0,1,2,22,0,0,0,0,0,0,0,1,0,0,0,0
36716,292.15,0.0,0.0,40,1,21,0,0,0,0,0,0,0,1,0,0,0,0
28821,275.21,0.0,0.0,90,2,17,0,0,0,0,0,0,0,1,0,0,0,0
14658,301.05,0.0,0.0,75,2,13,0,0,0,0,0,0,0,1,0,0,0,0
32342,283.65,0.0,0.0,90,4,16,0,0,0,0,0,0,0,1,0,0,0,0
12900,278.97,0.0,0.0,20,0,0,0,0,0,0,0,0,0,1,0,0,0,0
28906,264.89,0.0,0.0,90,2,19,0,0,0,0,0,0,0,1,0,0,0,0
27510,288.818,0.0,0.0,0,2,14,0,0,0,0,0,0,0,1,0,0,0,0
46703,299.95,0.0,0.0,75,3,11,0,0,0,0,0,0,0,1,0,0,0,0
33481,283.15,0.0,0.0,90,4,6,0,0,0,0,0,0,0,1,0,0,0,0
8074,290.3,0.51,0.0,92,3,9,0,0,0,0,0,0,0,1,0,0,0,0
44491,294.87,0.0,0.0,90,2,19,0,0,0,0,0,0,0,1,0,0,0,0
2580,255.99,0.0,0.0,1,1,21,0,0,0,0,0,0,0,1,0,0,0,0
20095,266.46,0.0,0.0,40,3,13,0,0,0,0,0,0,0,1,0,0,0,0
27955,283.75,0.0,0.0,1,1,20,0,0,0,0,0,0,0,1,0,0,0,0
33121,273.42,0.0,0.0,90,4,8,0,0,0,0,0,0,0,1,0,0,0,0
30259,275.21,0.0,0.0,90,0,4,0,0,0,0,0,0,0,1,0,0,0,0
7989,284.67,0.0,0.0,48,0,3,0,0,0,0,0,0,0,1,0,0,0,0
7384,300.47,0.0,0.0,1,4,17,0,0,0,0,0,0,0,1,0,0,0,0
32720,287.75,0.0,0.0,90,1,8,0,0,0,0,0,0,0,1,0,0,0,0
19578,276.49,0.0,0.0,90,0,0,0,0,0,0,0,0,0,1,0,0,0,0
10370,273.93,0.0,0.0,64,3,17,0,0,0,0,0,0,0,1,0,0,0,0
41424,260.85,0.0,0.0,5,3,12,0,0,0,0,0,0,0,1,0,0,0,0
3899,266.03,0.0,0.0,90,0,23,0,0,0,0,0,0,0,1,0,0,0,0
1221,277.1,0.0,0.0,99,0,1,0,0,0,0,0,0,0,1,0,0,0,0
45753,298.62,0.0,0.0,1,0,4,0,0,0,0,0,0,0,1,0,0,0,0
24788,298.15,0.0,0.0,75,2,19,0,0,0,0,0,0,0,1,0,0,0,0
28010,272.28,0.0,0.0,1,0,3,0,0,0,0,0,0,0,1,0,0,0,0
24416,287.11,0.0,0.0,1,3,6,0,0,0,0,0,0,0,1,0,0,0,0
7269,292.69,0.0,0.0,48,0,3,0,0,0,0,0,0,0,1,0,0,0,0
39277,273.72,0.0,0.0,1,0,23,0,0,0,0,0,0,0,1,0,0,0,0
25819,296.15,0.0,0.0,0,3,9,0,0,0,0,0,0,0,1,0,0,0,0
27408,284.634,0.0,0.0,64,1,23,0,0,0,0,0,0,0,1,0,0,0,0
29315,269.03,0.0,0.0,1,2,22,0,0,0,0,0,0,0,1,0,0,0,0
14387,278.5,0.0,0.0,40,0,3,0,0,0,0,0,0,0,1,0,0,0,0
17879,297.44,0.0,0.0,1,3,10,0,0,0,0,0,0,0,1,0,0,0,0
13349,275.33,0.0,0.0,20,4,17,0,0,0,0,0,0,0,1,0,0,0,0
37377,300.96,0.0,0.0,1,1,23,0,0,0,0,0,0,0,1,0,0,0,0
23308,279.0,0.0,0.0,75,1,5,0,0,0,0,0,0,0,1,0,0,0,0
16643,300.74,0.0,0.0,75,3,13,0,0,0,0,0,0,0,1,0,0,0,0
21354,271.08,0.0,0.0,90,3,14,0,0,0,0,0,0,0,1,0,0,0,0
42836,266.92,0.0,0.0,1,0,2,0,0,0,0,0,0,0,1,0,0,0,0
19350,280.69,0.0,0.0,90,3,12,0,0,0,0,0,0,0,1,0,0,0,0
18075,291.35,0.3,0.0,1,3,6,0,0,0,0,0,0,0,1,0,0,0,0
43824,284.55,0.0,0.0,1,0,6,0,0,0,0,0,0,0,1,0,0,0,0
27344,291.628,0.0,0.0,88,0,2,0,0,0,0,0,0,0,1,0,0,0,0
45816,297.89,0.0,0.0,40,4,15,0,0,0,0,0,0,0,1,0,0,0,0
25804,300.93,0.0,0.0,8,2,18,0,0,0,0,0,0,0,1,0,0,0,0
47542,289.36,0.0,0.0,20,1,21,0,0,0,0,0,0,0,1,0,0,0,0
43038,272.16,0.0,0.0,90,3,16,0,0,0,0,0,0,0,1,0,0,0,0
25421,296.78,0.0,0.0,75,0,23,0,0,0,0,0,0,0,1,0,0,0,0
30613,273.28,0.0,0.0,90,2,13,0,0,0,0,0,0,0,1,0,0,0,0
44410,306.58,0.0,0.0,1,2,17,0,0,0,0,0,0,0,1,0,0,0,0
42929,260.28,0.0,0.0,5,3,7,0,0,0,0,0,0,0,1,0,0,0,0
38637,274.38,0.0,0.0,90,0,4,0,0,0,0,0,0,0,1,0,0,0,0
7127,295.52,7.54,0.0,76,0,3,0,0,0,0,0,0,0,1,0,0,0,0
29176,259.79,0.0,0.0,90,3,8,0,0,0,0,0,0,0,1,0,0,0,0
38458,275.72,0.0,0.0,90,2,12,0,0,0,0,0,0,0,1,0,0,0,0
23285,281.28,0.25,0.0,1,4,6,0,0,0,0,0,0,0,1,0,0,0,0
16819,292.97,1.09,0.0,75,3,7,0,0,0,0,0,0,0,1,0,0,0,0
4026,265.56,0.0,0.0,1,2,22,0,0,0,0,0,0,0,1,0,0,0,0
33079,275.88,0.0,0.0,90,3,11,0,0,0,0,0,0,0,1,0,0,0,0
32555,274.09,0.0,0.0,90,0,23,0,0,0,0,0,0,0,1,0,0,0,0
27380,290.27099999999996,0.0,0.0,76,2,19,0,0,0,0,0,0,0,1,0,0,0,0
8652,302.99,0.0,0.0,0,2,18,0,0,0,0,0,0,0,1,0,0,0,0
11968,256.8,0.0,0.0,1,0,1,0,0,0,0,0,0,0,1,0,0,0,0
45470,294.21,0.0,0.0,90,1,8,0,0,0,0,0,0,0,1,0,0,0,0
52,297.67,0.0,0.0,20,4,17,0,0,0,0,0,0,0,1,0,0,0,0
23982,288.55,0.0,0.0,40,2,5,0,0,0,0,0,0,0,1,0,0,0,0
44530,294.79,0.0,0.0,90,4,15,0,0,0,0,0,0,0,1,0,0,0,0
36606,290.79,0.0,0.0,90,2,23,0,0,0,0,0,0,0,1,0,0,0,0
9318,284.55,0.0,0.0,90,4,13,0,0,0,0,0,0,0,1,0,0,0,0
23399,290.19,0.0,0.0,40,3,17,0,0,0,0,0,0,0,1,0,0,0,0
4904,278.39,0.0,0.0,90,0,23,0,0,0,0,0,0,0,1,0,0,0,0
3607,274.01,0.0,0.0,90,2,19,0,0,0,0,0,0,0,1,0,0,0,0
2423,264.36,0.0,0.0,40,3,14,0,0,0,0,0,0,0,1,0,0,0,0
9583,273.74,0.0,0.0,90,0,5,0,0,0,0,0,0,0,1,0,0,0,0
22542,294.89,0.0,0.0,90,4,17,0,0,0,0,0,0,0,1,0,0,0,0
46658,302.75,0.0,0.0,1,3,14,0,0,0,0,0,0,0,1,0,0,0,0
32176,276.09,0.0,0.0,1,0,3,0,0,0,0,0,0,0,1,0,0,0,0
7575,297.66,0.0,0.0,92,3,12,0,0,0,0,0,0,0,1,0,0,0,0
45406,299.65,0.0,0.0,40,1,22,0,0,0,0,0,0,0,1,0,0,0,0
1588,272.33,0.0,0.0,90,1,22,0,0,0,0,0,0,0,1,0,0,0,0
32508,286.72,0.0,0.0,90,1,21,0,0,0,0,0,0,0,1,0,0,0,0
13427,272.75,0.0,0.0,1,0,0,0,0,0,0,0,0,0,1,0,0,0,0
44606,292.58,0.0,0.0,1,1,23,0,0,0,0,0,0,0,1,0,0,0,0
19214,275.08,0.0,0.0,90,0,1,0,0,0,0,0,0,0,1,0,0,0,0
13986,278.59,1.0,0.0,90,4,7,0,0,0,0,0,0,0,1,0,0,0,0
2701,262.42,0.0,0.0,1,1,23,0,0,0,0,0,0,0,1,0,0,0,0
27663,286.107,0.0,0.0,56,1,23,0,0,0,0,0,0,0,1,0,0,0,0
39244,276.72,0.0,0.0,20,3,14,0,0,0,0,0,0,0,1,0,0,0,0
26545,289.94,0.0,0.0,1,0,3,0,0,0,0,0,0,0,1,0,0,0,0
22792,283.48,0.76,0.0,90,2,10,0,0,0,0,0,0,0,1,0,0,0,0
24716,290.53,0.0,0.0,40,0,3,0,0,0,0,0,0,0,1,0,0,0,0
17152,295.07,0.81,0.0,75,4,16,0,0,0,0,0,0,0,1,0,0,0,0
26401,295.12,0.0,0.0,1,1,21,0,0,0,0,0,0,0,1,0,0,0,0
7388,294.59,0.0,0.0,1,1,21,0,0,0,0,0,0,0,1,0,0,0,0
9587,274.8,0.0,0.0,90,2,10,0,0,0,0,0,0,0,1,0,0,0,0
16728,296.46,0.0,0.0,40,2,19,0,0,0,0,0,0,0,1,0,0,0,0
16801,298.95,0.0,0.0,1,2,20,0,0,0,0,0,0,0,1,0,0,0,0
34861,286.23,0.0,0.0,1,0,23,0,0,0,0,0,0,0,1,0,0,0,0
2291,260.86,0.0,0.0,1,0,2,0,0,0,0,0,0,0,1,0,0,0,0
8645,299.9,0.0,0.0,36,2,11,0,0,0,0,0,0,0,1,0,0,0,0
32852,280.62,0.0,0.0,90,2,19,0,0,0,0,0,0,0,1,0,0,0,0
25105,294.44,4.57,0.0,75,1,5,0,0,0,0,0,0,0,1,0,0,0,0
11650,255.57,0.0,0.0,64,4,16,0,0,0,0,0,0,0,1,0,0,0,0
44898,292.34,0.0,0.0,40,0,3,0,0,0,0,0,0,0,1,0,0,0,0
26990,283.23,0.0,0.0,0,1,5,0,0,0,0,0,0,0,1,0,0,0,0
16205,288.04,0.0,0.0,1,0,1,0,0,0,0,0,0,0,1,0,0,0,0
2799,272.08,0.0,0.0,20,4,17,0,0,0,0,0,0,0,1,0,0,0,0
44935,298.88,0.0,0.0,1,4,16,0,0,0,0,0,0,0,1,0,0,0,0
31497,275.59,0.0,0.0,1,0,2,0,0,0,0,0,0,0,1,0,0,0,0
21088,269.51,0.0,0.0,90,0,4,0,0,0,0,0,0,0,1,0,0,0,0
30039,262.15,0.0,0.0,1,2,11,0,0,0,0,0,0,0,1,0,0,0,0
7969,288.56,0.0,0.0,8,1,7,0,0,0,0,0,0,0,1,0,0,0,0
32178,276.09,0.0,0.0,1,1,5,0,0,0,0,0,0,0,1,0,0,0,0
36899,287.84,0.0,0.0,75,2,17,0,0,0,0,0,0,0,1,0,0,0,0
38460,277.57,0.0,0.0,90,3,14,0,0,0,0,0,0,0,1,0,0,0,0
38399,273.86,0.0,0.0,90,3,13,0,0,0,0,0,0,0,1,0,0,0,0
32897,279.55,0.0,0.0,90,3,12,0,0,0,0,0,0,0,1,0,0,0,0
40539,264.91,0.0,0.0,90,3,7,0,0,0,0,0,0,0,1,0,0,0,0
46632,300.51,0.0,0.0,1,2,20,0,0,0,0,0,0,0,1,0,0,0,0
3393,270.52,0.0,0.0,75,3,13,0,0,0,0,0,0,0,1,0,0,0,0
25450,294.33,0.0,0.0,20,0,4,0,0,0,0,0,0,0,1,0,0,0,0
28210,273.62,0.0,0.0,90,2,17,0,0,0,0,0,0,0,1,0,0,0,0
8217,289.47,7.11,0.0,92,0,3,0,0,0,0,0,0,0,1,0,0,0,0
45091,294.36,0.0,0.0,90,3,12,0,0,0,0,0,0,0,1,0,0,0,0
14316,277.3,0.0,0.0,1,0,4,0,0,0,0,0,0,0,1,0,0,0,0
45633,291.58,0.0,0.0,5,1,7,0,0,0,0,0,0,0,1,0,0,0,0
9081,291.13,0.0,0.0,1,2,20,0,0,0,0,0,0,0,1,0,0,0,0
39981,267.51,0.0,0.0,40,1,22,0,0,0,0,0,0,0,1,0,0,0,0
26507,293.5,0.0,0.0,40,3,13,0,0,0,0,0,0,0,1,0,0,0,0
45085,292.88,0.0,0.0,90,2,10,0,0,0,0,0,0,0,1,0,0,0,0
20401,258.93,0.0,0.0,1,3,8,0,0,0,0,0,0,0,1,0,0,0,0
19285,282.23,0.0,0.0,1,0,23,0,0,0,0,0,0,0,1,0,0,0,0
26967,280.36,0.0,0.0,0,4,7,0,0,0,0,0,0,0,1,0,0,0,0
10782,276.793,0.0,0.0,64,0,23,0,0,0,0,0,0,0,1,0,0,0,0
11881,263.8,1.91,0.0,90,2,10,0,0,0,0,0,0,0,1,0,0,0,0
42863,271.53,0.0,0.0,90,1,22,0,0,0,0,0,0,0,1,0,0,0,0
13191,261.57,0.0,0.0,1,0,3,0,0,0,0,0,0,0,1,0,0,0,0
3615,273.45,0.0,0.0,90,2,22,0,0,0,0,0,0,0,1,0,0,0,0
5685,275.2,0.0,0.0,90,3,13,0,0,0,0,0,0,0,1,0,0,0,0
38809,261.51,0.0,0.0,1,3,6,0,0,0,0,0,0,0,1,0,0,0,0
2023,270.29,0.0,0.0,75,2,11,0,0,0,0,0,0,0,1,0,0,0,0
6642,287.34,0.0,0.0,40,3,12,0,0,0,0,0,0,0,1,0,0,0,0
27358,292.535,0.0,0.0,88,2,18,0,0,0,0,0,0,0,1,0,0,0,0
23117,292.93,0.0,0.0,40,3,18,0,0,0,0,0,0,0,1,0,0,0,0
875,275.67,0.0,0.0,90,1,22,0,0,0,0,0,0,0,1,0,0,0,0
47043,291.48,1.78,0.0,90,2,9,0,0,0,0,0,0,0,1,0,0,0,0
30638,273.82,0.0,0.0,75,0,0,0,0,0,0,0,0,0,1,0,0,0,0
19236,279.51,0.0,0.0,90,0,0,0,0,0,0,0,0,0,1,0,0,0,0
7170,295.2,0.0,0.0,90,2,5,0,0,0,0,0,0,0,1,0,0,0,0
2340,261.78,0.0,0.0,40,0,4,0,0,0,0,0,0,0,1,0,0,0,0
22619,286.36,0.0,0.0,90,1,22,0,0,0,0,0,0,0,1,0,0,0,0
11719,268.3,0.0,0.0,64,3,10,0,0,0,0,0,0,0,1,0,0,0,0
11562,276.793,0.0,0.0,64,1,22,0,0,0,0,0,0,0,1,0,0,0,0
38326,281.08,0.0,0.0,1,0,0,0,0,0,0,0,0,0,1,0,0,0,0
30089,263.88,0.0,0.0,1,1,5,0,0,0,0,0,0,0,1,0,0,0,0
12307,267.4,0.0,0.0,90,0,4,0,0,0,0,0,0,0,1,0,0,0,0
29691,272.59,0.0,0.0,90,2,14,0,0,0,0,0,0,0,1,0,0,0,0
3579,274.06,0.0,0.0,1,4,15,0,0,0,0,0,0,0,1,0,0,0,0
22442,284.29,0.0,0.0,1,0,1,0,0,0,0,0,0,0,1,0,0,0,0
23092,290.67,0.0,0.0,90,0,1,0,0,0,0,0,0,0,1,0,0,0,0
19702,266.58,0.0,0.0,40,2,11,0,0,0,0,0,0,0,1,0,0,0,0
29162,256.22,0.0,0.0,90,1,21,0,0,0,0,0,0,0,1,0,0,0,0
2748,264.06,0.0,0.0,20,2,18,0,0,0,0,0,0,0,1,0,0,0,0
46949,298.58,0.0,0.0,75,3,14,0,0,0,0,0,0,0,1,0,0,0,0
43064,267.62,0.0,0.0,1,1,5,0,0,0,0,0,0,0,1,0,0,0,0
30575,268.81,0.0,0.0,90,0,3,0,0,0,0,0,0,0,1,0,0,0,0
13503,275.85,0.0,0.0,1,0,4,0,0,0,0,0,0,0,1,0,0,0,0
17978,297.22,0.0,0.0,1,0,2,0,0,0,0,0,0,0,1,0,0,0,0
14298,281.32,0.0,0.0,56,3,10,0,0,0,0,0,0,0,1,0,0,0,0
7949,295.96,0.0,0.0,0,3,10,0,0,0,0,0,0,0,1,0,0,0,0
39928,270.22,0.0,0.0,75,1,20,0,0,0,0,0,0,0,1,0,0,0,0
35185,297.89,0.0,0.0,5,2,21,0,0,0,0,0,0,0,1,0,0,0,0
11531,261.42,0.0,0.0,90,3,15,0,0,0,0,0,0,0,1,0,0,0,0
21881,274.08,0.0,0.0,90,0,23,0,0,0,0,0,0,0,1,0,0,0,0
36223,291.94,0.0,0.0,90,1,22,0,0,0,0,0,0,0,1,0,0,0,0
9809,269.1,0.0,0.0,64,3,18,0,0,0,0,0,0,0,1,0,0,0,0
31428,264.9,0.0,0.0,1,4,7,0,0,0,0,0,0,0,1,0,0,0,0
37713,283.43,0.0,0.0,1,0,0,0,0,0,0,0,0,0,1,0,0,0,0
3531,273.46,0.0,0.0,90,2,18,0,0,0,0,0,0,0,1,0,0,0,0
32638,282.34,0.0,0.0,90,3,13,0,0,0,0,0,0,0,1,0,0,0,0
3686,264.09,0.0,0.0,20,2,13,0,0,0,0,0,0,0,1,0,0,0,0
44043,278.77,0.0,0.0,1,0,4,0,0,0,0,0,0,0,1,0,0,0,0
42284,273.29,0.0,0.0,1,3,12,0,0,0,0,0,0,0,1,0,0,0,0
21132,274.51,0.0,0.0,90,2,17,0,0,0,0,0,0,0,1,0,0,0,0
41582,271.72,0.0,0.0,1,2,19,0,0,0,0,0,0,0,1,0,0,0,0
31867,274.48,0.0,0.0,1,2,9,0,0,0,0,0,0,0,1,0,0,0,0
16797,301.27,0.0,0.0,1,4,16,0,0,0,0,0,0,0,1,0,0,0,0
14805,292.09,6.89,0.0,44,0,7,0,0,0,0,0,0,0,1,0,0,0,0
25368,298.17,0.0,0.0,75,2,18,0,0,0,0,0,0,0,1,0,0,0,0
44483,306.22,0.0,0.0,1,3,14,0,0,0,0,0,0,0,1,0,0,0,0
2634,265.16,0.0,0.0,90,4,16,0,0,0,0,0,0,0,1,0,0,0,0
18946,293.02,0.0,0.0,1,0,0,0,1,0,0,0,0,0,0,0,0,0,0
371,285.49,0.0,0.0,40,1,21,0,0,0,0,0,0,0,1,0,0,0,0
5467,272.73,0.0,0.0,90,0,3,0,0,0,0,0,0,0,1,0,0,0,0
9525,284.23,0.25,0.0,92,4,17,0,0,0,0,0,0,0,1,0,0,0,0
31187,283.76,0.0,0.0,1,1,20,0,0,0,0,0,0,0,1,0,0,0,0
26464,289.69,0.0,0.0,1,0,1,0,0,0,0,0,0,0,1,0,0,0,0
28602,282.75,0.0,0.0,75,3,15,0,0,0,0,0,0,0,1,0,0,0,0
47305,295.19,0.25,0.0,40,0,5,0,0,0,0,0,0,0,1,0,0,0,0
11498,263.31,0.0,0.0,64,3,17,0,0,0,0,0,0,0,1,0,0,0,0
808,269.68,0.0,0.0,1,0,3,0,0,0,0,0,0,0,1,0,0,0,0
37651,292.51,0.0,0.0,90,4,16,0,0,0,0,0,0,0,1,0,0,0,0
7259,302.61,0.0,0.0,12,4,17,0,0,0,0,0,0,0,1,0,0,0,0
34131,285.22,0.0,0.0,90,3,10,0,0,0,0,0,0,0,1,0,0,0,0
40229,251.15,0.0,0.0,1,1,22,0,0,0,0,0,0,0,1,0,0,0,0
9616,270.65,0.0,0.0,1,0,2,0,0,0,0,0,0,0,1,0,0,0,0
21428,271.72,0.0,0.0,90,0,2,0,0,0,0,0,0,0,1,0,0,0,0
13319,280.61,0.36,0.0,90,3,11,0,0,0,0,0,0,0,1,0,0,0,0
5498,274.34,0.0,0.0,1,3,9,0,0,0,0,0,0,0,1,0,0,0,0
9287,286.64,0.0,0.0,90,2,8,0,0,0,0,0,0,0,1,0,0,0,0
17123,297.17,0.0,0.0,40,3,12,0,0,0,0,0,0,0,1,0,0,0,0
10971,263.39,0.0,0.0,64,0,0,0,0,0,0,0,0,0,1,0,0,0,0
9035,293.13,0.0,0.0,1,4,7,0,0,0,0,0,0,0,1,0,0,0,0
8004,289.4,0.0,0.0,76,3,17,0,0,0,0,0,0,0,1,0,0,0,0
31164,286.548,0.0,0.0,92,1,19,0,0,0,0,0,0,0,1,0,0,0,0
9688,272.76,0.0,0.0,90,3,10,0,0,0,0,0,0,0,1,0,0,0,0
1737,267.8,0.0,0.0,1,1,20,0,0,0,0,0,0,0,1,0,0,0,0
21377,276.42,0.0,0.0,20,0,0,0,0,0,0,0,0,0,1,0,0,0,0
16933,299.41,0.0,0.0,75,3,13,0,0,0,0,0,0,0,1,0,0,0,0
42272,272.88,0.0,0.0,20,0,0,0,0,0,0,0,0,0,1,0,0,0,0
37576,282.0,0.0,0.0,1,1,23,0,0,0,0,0,0,0,1,0,0,0,0
7167,295.24,0.25,0.0,64,0,3,0,0,0,0,0,0,0,1,0,0,0,0
46465,297.02,0.0,0.0,75,1,22,0,0,0,0,0,0,0,1,0,0,0,0
41364,260.72,0.0,0.0,90,0,0,0,0,0,0,0,0,0,1,0,0,0,0
32158,275.33,0.0,0.0,1,3,9,0,0,0,0,0,0,0,1,0,0,0,0
21899,274.37,0.0,0.0,90,3,18,0,0,0,0,0,0,0,1,0,0,0,0
38334,281.76,0.0,0.0,75,4,8,0,0,0,0,0,0,0,1,0,0,0,0
2015,264.56,0.0,0.0,20,0,4,0,0,0,0,0,0,0,1,0,0,0,0
27564,278.036,0.0,0.0,0,1,20,0,0,0,0,0,0,0,1,0,0,0,0
33247,276.62,0.0,0.0,90,3,9,0,0,0,0,0,0,0,1,0,0,0,0
47878,287.48,0.0,0.0,90,0,1,0,0,0,0,0,0,0,1,0,0,0,0
13665,270.98,0.0,0.0,20,1,22,0,0,0,0,0,0,0,1,0,0,0,0
19934,275.94,0.0,0.0,90,3,10,0,0,0,0,0,0,0,1,0,0,0,0
2116,273.57,0.0,0.0,90,0,23,0,0,0,0,0,0,0,1,0,0,0,0
19605,271.35,0.0,0.0,90,2,19,0,0,0,0,0,0,0,1,0,0,0,0
39694,270.15,0.0,0.0,75,2,18,0,0,0,0,0,0,0,1,0,0,0,0
13039,274.94,0.3,0.0,75,2,19,0,0,0,0,0,0,0,1,0,0,0,0
3255,261.53,0.0,0.0,100,3,14,0,0,0,0,0,0,0,1,0,0,0,0
37317,294.21,0.0,0.0,40,3,12,0,0,0,0,0,0,0,1,0,0,0,0
2117,273.85,0.0,0.0,90,0,0,0,0,0,0,0,0,0,1,0,0,0,0
16128,291.49,3.2,0.0,1,1,21,0,0,0,0,0,0,0,1,0,0,0,0
30845,268.62,0.0,0.0,90,2,13,0,0,0,0,0,0,0,1,0,0,0,0
10649,260.8,0.0,0.0,64,4,16,0,0,0,0,0,0,0,1,0,0,0,0
40728,254.62,0.0,0.0,1,0,3,0,0,0,0,0,0,0,1,0,0,0,0
45767,305.22,0.0,0.0,1,3,17,0,0,0,0,0,0,0,1,0,0,0,0
24107,297.34,0.0,0.0,0,2,9,0,0,0,0,0,0,0,1,0,0,0,0
819,281.67,0.0,0.0,1,3,14,0,0,0,0,0,0,0,1,0,0,0,0
5442,273.89,0.0,0.0,90,3,18,0,0,0,0,0,0,0,1,0,0,0,0
8473,298.87,0.0,0.0,40,3,16,0,0,0,0,0,0,0,1,0,0,0,0
28729,275.34,0.0,0.0,90,3,10,0,0,0,0,0,0,0,1,0,0,0,0
43427,269.15,0.0,0.0,1,4,7,0,0,0,0,0,0,0,1,0,0,0,0
21209,261.08,0.0,0.0,90,2,19,0,0,0,0,0,0,0,1,0,0,0,0
25660,299.18,0.0,0.0,88,2,18,0,0,0,0,0,0,0,1,0,0,0,0
16315,294.0,0.66,0.0,90,3,8,0,0,0,0,0,0,0,1,0,0,0,0
26177,291.95,0.0,0.0,1,1,5,0,0,0,0,0,0,0,1,0,0,0,0
17693,291.66,0.0,0.0,75,3,15,0,0,0,0,0,0,0,1,0,0,0,0
16614,292.61,0.53,0.0,90,3,18,0,0,0,0,0,0,0,1,0,0,0,0
11775,259.17,0.51,0.0,64,0,3,0,0,0,0,0,0,0,1,0,0,0,0
45898,298.08,0.0,0.0,5,3,11,0,0,0,0,0,0,0,1,0,0,0,0
19860,273.09,0.0,0.0,90,0,23,0,0,0,0,0,0,0,1,0,0,0,0
8864,298.46,0.25,0.0,92,0,23,0,0,0,0,0,0,0,1,0,0,0,0
33523,288.01,0.0,0.0,40,1,22,0,0,0,0,0,0,0,1,0,0,0,0
16882,302.6,0.0,0.0,40,2,15,0,0,0,0,0,0,0,1,0,0,0,0
41679,266.01,0.0,0.0,40,4,17,0,0,0,0,0,0,0,1,0,0,0,0
8232,293.79,0.0,0.0,92,3,11,0,0,0,0,0,0,0,1,0,0,0,0
16199,296.34,0.0,0.0,1,2,19,0,0,0,0,0,0,0,1,0,0,0,0
19129,275.55,0.0,0.0,1,1,5,0,0,0,0,0,0,0,1,0,0,0,0
39066,274.15,0.0,0.0,90,0,6,0,0,0,0,0,0,0,1,0,0,0,0
38818,267.43,0.0,0.0,40,3,15,0,0,0,0,0,0,0,1,0,0,0,0
11389,269.64,0.0,0.0,75,3,17,0,0,0,0,0,0,0,1,0,0,0,0
33905,281.68,0.0,0.0,90,2,18,0,0,0,0,0,0,0,1,0,0,0,0
18012,298.4,0.0,0.0,75,0,5,0,0,0,0,0,0,0,1,0,0,0,0
10946,262.75,0.0,0.0,64,0,6,0,0,0,0,0,0,0,1,0,0,0,0
5918,286.38,0.0,0.0,90,3,12,0,0,0,0,0,0,0,1,0,0,0,0
9927,278.25,0.0,0.0,90,0,5,0,0,0,0,0,0,0,1,0,0,0,0
47032,291.01,0.76,0.0,90,0,5,0,0,0,0,0,0,0,1,0,0,0,0
41559,263.43,0.0,0.0,1,1,22,0,0,0,0,0,0,0,1,0,0,0,0
23370,285.69,0.0,0.0,20,2,11,0,0,0,0,0,0,0,1,0,0,0,0
15436,294.74,0.0,0.0,76,1,8,0,0,0,0,0,0,0,1,0,0,0,0
15477,297.03,0.0,0.0,75,2,15,0,0,0,0,0,0,0,1,0,0,0,0
21628,275.88,0.0,0.0,40,3,15,0,0,0,0,0,0,0,1,0,0,0,0
10586,260.47,0.0,0.0,64,1,22,0,0,0,0,0,0,0,1,0,0,0,0
38059,279.22,0.0,0.0,20,2,9,0,0,0,0,0,0,0,1,0,0,0,0
40402,261.75,0.0,0.0,75,1,22,0,0,0,0,0,0,0,1,0,0,0,0
21433,271.15,0.0,0.0,1,3,9,0,0,0,0,0,0,0,1,0,0,0,0
10005,279.66,0.0,0.0,90,3,14,0,0,0,0,0,0,0,1,0,0,0,0
20794,268.15,0.0,0.0,90,1,23,0,0,0,0,0,0,0,1,0,0,0,0
38135,291.41,0.0,0.0,75,3,13,0,0,0,0,0,0,0,1,0,0,0,0
12484,261.31,0.0,0.0,75,3,13,0,0,0,0,0,0,0,1,0,0,0,0
26231,285.16,0.0,0.0,1,4,7,0,0,0,0,0,0,0,1,0,0,0,0
44498,293.76,0.0,0.0,90,1,21,0,0,0,0,0,0,0,1,0,0,0,0
39883,270.22,0.0,0.0,90,0,2,0,0,0,0,0,0,0,1,0,0,0,0
41742,269.79,0.0,0.0,90,0,1,0,0,0,0,0,0,0,1,0,0,0,0
6618,293.6,0.0,0.0,90,3,14,0,0,0,0,0,0,0,1,0,0,0,0
20689,255.55,0.0,0.0,90,3,14,0,0,0,0,0,0,0,1,0,0,0,0
46120,292.29,0.0,0.0,1,0,2,0,0,0,0,0,0,0,1,0,0,0,0
27277,279.532,0.0,0.0,92,3,6,0,0,0,0,0,0,0,1,0,0,0,0
34346,291.53,0.0,0.0,40,2,5,0,0,0,0,0,0,0,1,0,0,0,0
29534,265.72,0.0,0.0,90,0,4,0,0,0,0,0,0,0,1,0,0,0,0
38142,287.95,0.0,0.0,75,2,20,0,0,0,0,0,0,0,1,0,0,0,0
6865,291.75,0.0,0.0,88,2,19,0,0,0,0,0,0,0,1,0,0,0,0
41873,271.28,0.0,0.0,1,3,11,0,0,0,0,0,0,0,1,0,0,0,0
41503,277.21,0.0,0.0,1,3,15,0,0,0,0,0,0,0,1,0,0,0,0
28551,278.02,0.0,0.0,90,2,19,0,0,0,0,0,0,0,1,0,0,0,0
5535,281.7,0.0,0.0,75,2,20,0,0,0,0,0,0,0,1,0,0,0,0
22761,284.79,1.4,0.0,75,1,22,0,0,0,0,0,0,0,1,0,0,0,0
12396,270.28,0.0,0.0,90,0,21,0,0,0,0,0,0,0,1,0,0,0,0
23250,285.75,1.02,0.0,90,4,16,0,0,0,0,0,0,0,1,0,0,0,0
28363,273.88,0.0,0.0,90,1,5,0,0,0,0,0,0,0,1,0,0,0,0
7068,292.32,0.0,0.0,8,1,22,0,0,0,0,0,0,0,1,0,0,0,0
15030,287.79,0.0,0.0,1,0,1,0,0,0,0,0,0,0,1,0,0,0,0
9533,280.81,0.91,0.0,76,1,22,0,0,0,0,0,0,0,1,0,0,0,0
15666,303.08,0.0,0.0,12,3,13,0,0,0,0,0,0,0,1,0,0,0,0
4962,274.58,0.0,0.0,90,3,12,0,0,0,0,0,0,0,1,0,0,0,0
43069,267.49,0.0,0.0,90,4,8,0,0,0,0,0,0,0,1,0,0,0,0
10728,261.08,0.25,0.0,90,2,12,0,0,0,0,0,0,0,1,0,0,0,0
44411,306.51,0.0,0.0,1,2,18,0,0,0,0,0,0,0,1,0,0,0,0
21125,277.29,0.0,0.0,90,2,12,0,0,0,0,0,0,0,1,0,0,0,0
3004,267.73,0.0,0.0,1,3,18,0,0,0,0,0,0,0,1,0,0,0,0
7431,301.15,0.0,0.0,1,1,17,0,0,0,0,0,0,0,1,0,0,0,0
15071,300.18,0.0,0.0,0,3,18,0,0,0,0,0,0,0,1,0,0,0,0
35710,301.08,0.0,0.0,40,3,18,0,0,0,0,0,0,0,1,0,0,0,0
30190,276.94,0.0,0.0,1,4,16,0,0,0,0,0,0,0,1,0,0,0,0
3590,267.22,0.0,0.0,75,0,2,0,0,0,0,0,0,0,1,0,0,0,0
43114,273.22,0.0,0.0,1,0,2,0,0,0,0,0,0,0,1,0,0,0,0
22111,277.5,0.0,0.0,1,0,4,0,0,0,0,0,0,0,1,0,0,0,0
92,279.08,0.0,0.0,40,3,12,0,0,0,0,0,0,0,1,0,0,0,0
12952,263.58,0.0,0.0,1,0,4,0,0,0,0,0,0,0,1,0,0,0,0
40048,266.88,0.0,0.0,5,2,16,0,0,0,0,0,0,0,1,0,0,0,0
18445,290.52,1.52,0.0,90,2,18,0,0,0,0,0,0,0,1,0,0,0,0
13023,270.57,0.0,0.0,90,0,3,0,0,0,0,0,0,0,1,0,0,0,0
48192,283.48,0.0,0.0,90,3,14,0,0,0,0,0,0,0,1,0,0,0,0
27630,281.469,0.0,0.0,80,3,14,0,0,0,0,0,0,0,1,0,0,0,0
33812,284.78,0.0,0.0,90,2,20,0,0,0,0,0,0,0,1,0,0,0,0
18861,285.37,6.01,0.0,90,1,5,0,0,0,0,0,0,0,1,0,0,0,0
1195,276.53,0.0,0.0,90,1,22,0,0,0,0,0,0,0,1,0,0,0,0
14752,300.66,0.0,0.0,1,3,11,0,0,0,0,0,0,0,1,0,0,0,0
39345,277.58,0.0,0.0,1,2,19,0,0,0,0,0,0,0,1,0,0,0,0
14374,284.06,0.0,0.0,48,4,14,0,0,0,0,0,0,0,1,0,0,0,0
44452,302.29900000000004,0.0,0.0,0,2,11,0,0,0,0,0,0,0,1,0,0,0,0
47704,302.57,0.0,0.0,20,3,12,0,0,0,0,0,0,0,1,0,0,0,0
14268,287.05,0.0,0.0,90,3,12,0,0,0,0,0,0,0,1,0,0,0,0
37585,279.55,0.0,0.0,5,2,8,0,0,0,0,0,0,0,1,0,0,0,0
37307,294.86,0.0,0.0,90,0,3,0,0,0,0,0,0,0,1,0,0,0,0
24395,288.38,0.0,0.0,88,3,9,0,0,0,0,0,0,0,1,0,0,0,0
29556,267.35,0.0,0.0,90,0,2,0,0,0,0,0,0,0,1,0,0,0,0
36826,291.95,0.0,0.0,90,1,22,0,0,0,0,0,0,0,1,0,0,0,0
28153,281.81,0.0,0.0,75,3,9,0,0,0,0,0,0,0,1,0,0,0,0
29672,270.48,0.0,0.0,90,0,22,0,0,0,0,0,0,0,1,0,0,0,0
46525,292.51,0.0,0.0,1,0,23,0,0,0,0,0,0,0,1,0,0,0,0
37499,290.08,0.0,0.0,90,3,18,0,0,0,0,0,0,0,1,0,0,0,0
11502,264.7,0.25,0.0,90,2,18,0,0,0,0,0,0,0,1,0,0,0,0
23560,294.54,0.0,0.0,90,2,10,0,0,0,0,0,0,0,1,0,0,0,0
7922,289.58,0.0,0.0,0,4,8,0,0,0,0,0,0,0,1,0,0,0,0
40105,253.53,0.0,0.0,5,1,21,0,0,0,0,0,0,0,1,0,0,0,0
15225,296.15,0.0,0.0,90,2,10,0,0,0,0,0,0,0,1,0,0,0,0
27815,276.78,0.0,0.0,1,1,5,0,0,0,0,0,0,0,1,0,0,0,0
33761,283.09,0.0,0.0,90,0,4,0,0,0,0,0,0,0,1,0,0,0,0
37630,289.37,0.0,0.0,40,0,1,0,0,0,0,0,0,0,1,0,0,0,0
35430,294.62,0.0,0.0,1,0,4,0,0,0,0,0,0,0,1,0,0,0,0
32388,279.11,0.0,0.0,1,0,0,0,0,0,0,0,0,0,1,0,0,0,0
19655,276.15,0.0,0.0,1,3,11,0,0,0,0,0,0,0,1,0,0,0,0
20754,267.68,0.0,0.0,90,3,14,0,0,0,0,0,0,0,1,0,0,0,0
13904,279.62,0.25,0.0,90,2,21,0,0,0,0,0,0,0,1,0,0,0,0
41543,255.79,0.0,0.0,1,3,6,0,0,0,0,0,0,0,1,0,0,0,0
39816,269.01,0.0,0.0,90,1,7,0,0,0,0,0,0,0,1,0,0,0,0
12693,261.86,0.0,0.0,20,4,8,0,0,0,0,0,0,0,1,0,0,0,0
38662,277.88,0.0,0.0,90,1,20,0,0,0,0,0,0,0,1,0,0,0,0
27010,285.6,0.0,0.0,20,0,1,0,0,0,0,0,0,0,1,0,0,0,0
33009,291.09,0.0,0.0,90,0,23,0,0,0,0,0,0,0,1,0,0,0,0
2028,274.42,0.0,0.0,75,2,15,0,0,0,0,0,0,0,1,0,0,0,0
36823,292.41,0.0,0.0,90,2,21,0,0,0,0,0,0,0,1,0,0,0,0
25805,299.38,0.0,0.0,8,2,19,0,0,0,0,0,0,0,1,0,0,0,0
43716,292.02,0.0,0.0,1,0,4,0,0,0,0,0,0,0,1,0,0,0,0
34512,299.68,0.0,0.0,90,0,0,0,0,0,0,0,0,0,1,0,0,0,0
42871,271.15,0.0,0.0,90,0,4,0,0,0,0,0,0,0,1,0,0,0,0
22035,278.58,0.0,0.0,90,0,0,0,0,0,0,0,0,0,1,0,0,0,0
23002,284.25,0.0,0.0,75,4,8,0,0,0,0,0,0,0,1,0,0,0,0
6281,287.19,0.0,0.0,90,3,13,0,0,0,0,0,0,0,1,0,0,0,0
16521,299.03,0.0,0.0,40,3,12,0,0,0,0,0,0,0,1,0,0,0,0
21414,270.3,0.0,0.0,1,0,4,0,0,0,0,0,0,0,1,0,0,0,0
16225,295.08,0.0,0.0,1,1,21,0,0,0,0,0,0,0,1,0,0,0,0
5220,274.43,0.0,0.0,75,0,2,0,0,0,0,0,0,0,1,0,0,0,0
28616,275.95,0.0,0.0,90,0,1,0,0,0,0,0,0,0,1,0,0,0,0
12184,262.81,0.0,0.0,90,0,1,0,0,0,0,0,0,0,1,0,0,0,0
48077,283.09,0.0,0.0,20,1,21,0,0,0,0,0,0,0,1,0,0,0,0
26419,293.02,0.3,0.0,90,3,9,0,0,0,0,0,0,0,1,0,0,0,0
15788,291.77,0.0,0.0,75,1,8,0,0,0,0,0,0,0,1,0,0,0,0
41807,267.45,0.0,0.0,75,3,12,0,0,0,0,0,0,0,1,0,0,0,0
37512,281.62,0.0,0.0,20,4,7,0,0,0,0,0,0,0,1,0,0,0,0
11407,276.71,0.37,0.0,64,2,12,0,0,0,0,0,0,0,1,0,0,0,0
45227,299.15,0.0,0.0,1,4,15,0,0,0,0,0,0,0,1,0,0,0,0
7217,294.34,0.0,0.0,44,0,23,0,0,0,0,0,0,0,1,0,0,0,0
5543,281.03,0.0,0.0,90,0,3,0,0,0,0,0,0,0,1,0,0,0,0
9760,276.4,0.0,0.0,64,2,16,0,0,0,0,0,0,0,1,0,0,0,0
10021,276.15,0.0,0.0,90,0,4,0,0,0,0,0,0,0,1,0,0,0,0
26017,295.21,0.0,0.0,75,3,15,0,0,0,0,0,0,0,1,0,0,0,0
19903,272.15,0.0,0.0,1,4,6,0,0,0,0,0,0,0,1,0,0,0,0
1013,280.57,0.0,0.0,90,4,15,0,0,0,0,0,0,0,1,0,0,0,0
7421,290.75,0.0,0.0,1,0,7,0,0,0,0,0,0,0,1,0,0,0,0
37213,293.09,0.0,0.0,40,2,19,0,0,0,0,0,0,0,1,0,0,0,0
28955,264.95,0.0,0.0,40,3,13,0,0,0,0,0,0,0,1,0,0,0,0
32721,287.75,0.0,0.0,90,1,8,0,0,0,0,0,0,0,1,0,0,0,0
32434,276.96,0.0,0.0,1,1,22,0,0,0,0,0,0,0,1,0,0,0,0
2071,275.49,0.0,0.0,90,2,11,0,0,0,0,0,0,0,1,0,0,0,0
27117,287.86,0.0,0.0,0,3,12,0,0,0,0,0,0,0,1,0,0,0,0
5333,271.98,0.0,0.0,90,0,6,0,0,0,0,0,0,0,1,0,0,0,0
44494,294.0,0.0,0.0,75,1,20,0,0,0,0,0,0,0,1,0,0,0,0
26757,294.32,0.0,0.0,0,2,13,0,0,0,0,0,0,0,1,0,0,0,0
21103,274.41,0.0,0.0,90,3,18,0,0,0,0,0,0,0,1,0,0,0,0
16230,290.88,0.0,0.0,1,0,1,0,0,0,0,0,0,0,1,0,0,0,0
36387,291.72,0.0,0.0,1,3,10,0,0,0,0,0,0,0,1,0,0,0,0
34559,300.88,0.0,0.0,75,3,15,0,0,0,0,0,0,0,1,0,0,0,0
46005,291.15,0.0,0.0,90,0,4,0,0,0,0,0,0,0,1,0,0,0,0
35571,293.65,0.0,0.0,75,0,6,0,0,0,0,0,0,0,1,0,0,0,0
22692,278.56,0.0,0.0,1,1,7,0,0,0,0,0,0,0,1,0,0,0,0
16554,295.21,0.0,0.0,1,1,21,0,0,0,0,0,0,0,1,0,0,0,0
11964,256.97,0.0,0.0,1,1,21,0,0,0,0,0,0,0,1,0,0,0,0
23030,289.0,0.0,0.0,40,3,12,0,0,0,0,0,0,0,1,0,0,0,0
8760,292.89,0.0,0.0,36,2,20,0,0,0,0,0,0,0,1,0,0,0,0
21501,273.61,0.0,0.0,1,3,14,0,0,0,0,0,0,0,1,0,0,0,0
25797,297.65,0.0,0.0,0,3,11,0,0,0,0,0,0,0,1,0,0,0,0
45782,295.87,0.0,0.0,40,0,23,0,0,0,0,0,0,0,1,0,0,0,0
5726,275.66,0.0,0.0,1,0,1,0,0,0,0,0,0,0,1,0,0,0,0
46933,293.74,0.0,0.0,1,1,21,0,0,0,0,0,0,0,1,0,0,0,0
28575,280.62,0.0,0.0,90,0,3,0,0,0,0,0,0,0,1,0,0,0,0
12857,266.66,0.0,0.0,20,1,5,0,0,0,0,0,0,0,1,0,0,0,0
29341,271.35,0.0,0.0,1,0,0,0,0,0,0,0,0,0,1,0,0,0,0
43771,281.69,0.0,0.0,24,0,1,0,0,0,0,0,0,0,1,0,0,0,0
35569,294.3,0.0,0.0,1,0,4,0,0,0,0,0,0,0,1,0,0,0,0
8682,306.79,0.0,0.0,8,4,16,0,0,0,0,0,0,0,1,0,0,0,0
34487,293.34,0.0,0.0,75,0,23,0,0,0,0,0,0,0,1,0,0,0,0
22724,284.34,4.06,0.0,90,1,9,0,0,0,0,0,0,0,1,0,0,0,0
8885,289.97,0.0,0.0,0,4,6,0,0,0,0,0,0,0,1,0,0,0,0
23633,292.99,0.0,0.0,40,1,22,0,0,0,0,0,0,0,1,0,0,0,0
41117,272.69,0.0,0.0,75,1,5,0,0,0,0,0,0,0,1,0,0,0,0
39818,269.29,0.0,0.0,90,2,9,0,0,0,0,0,0,0,1,0,0,0,0
42078,274.01,0.0,0.0,90,2,15,0,0,0,0,0,0,0,1,0,0,0,0
42753,269.15,0.0,0.0,1,1,5,0,0,0,0,0,0,0,1,0,0,0,0
17442,293.6,0.25,0.0,75,0,23,0,0,0,0,0,0,0,1,0,0,0,0
19814,269.89,0.0,0.0,1,0,23,0,0,0,0,0,0,0,1,0,0,0,0
8773,301.16,0.0,0.0,12,3,13,0,0,0,0,0,0,0,1,0,0,0,0
8174,284.61,0.0,0.0,0,0,7,0,0,0,0,0,0,0,1,0,0,0,0
31146,285.059,0.0,0.0,68,0,1,0,0,0,0,0,0,0,1,0,0,0,0
11937,262.72,0.0,0.0,0,2,18,0,0,0,0,0,0,0,1,0,0,0,0
19710,262.82,0.0,0.0,1,0,1,0,0,0,0,0,0,0,1,0,0,0,0
41554,265.15,0.0,0.0,75,3,17,0,0,0,0,0,0,0,1,0,0,0,0
37749,287.99,0.0,0.0,90,3,12,0,0,0,0,0,0,0,1,0,0,0,0
33161,277.22,0.0,0.0,1,1,0,0,0,0,0,0,0,0,1,0,0,0,0
21652,278.09,0.0,0.0,40,4,6,0,0,0,0,0,0,0,1,0,0,0,0
34908,291.75,0.0,0.0,90,2,10,0,0,0,0,0,0,0,1,0,0,0,0
20809,272.08,0.0,0.0,90,2,15,0,0,0,0,0,0,0,1,0,0,0,0
31115,282.231,0.0,0.0,32,3,18,0,0,0,0,0,0,0,1,0,0,0,0
18992,287.9,0.0,0.0,1,4,17,0,0,0,0,0,0,0,1,0,0,0,0
14749,294.16,0.0,0.0,1,4,8,0,0,0,0,0,0,0,1,0,0,0,0
17969,304.01,0.0,0.0,40,3,17,0,0,0,0,0,0,0,1,0,0,0,0
30166,271.46,0.0,0.0,90,0,0,0,0,0,0,0,0,0,1,0,0,0,0
35101,304.34,0.0,0.0,40,4,16,0,0,0,0,0,0,0,1,0,0,0,0
40717,259.36,0.0,0.0,1,4,16,0,0,0,0,0,0,0,1,0,0,0,0
33488,290.79,0.0,0.0,75,3,13,0,0,0,0,0,0,0,1,0,0,0,0
10384,272.03,0.0,0.0,64,0,3,0,0,0,0,0,0,0,1,0,0,0,0
15329,295.22,0.0,0.0,20,3,11,0,0,0,0,0,0,0,1,0,0,0,0
19938,276.29,0.0,0.0,90,4,16,0,0,0,0,0,0,0,1,0,0,0,0
35148,298.75,0.0,0.0,1,3,12,0,0,0,0,0,0,0,1,0,0,0,0
546,285.97,0.0,0.0,90,1,5,0,0,0,0,0,0,0,1,0,0,0,0
24459,298.21,0.0,0.0,75,2,22,0,0,0,0,0,0,0,1,0,0,0,0
19209,274.55,0.0,0.0,90,1,21,0,0,0,0,0,0,0,1,0,0,0,0
20373,269.82,0.0,0.0,1,2,12,0,0,0,0,0,0,0,1,0,0,0,0
37720,280.72,0.0,0.0,1,4,7,0,0,0,0,0,0,0,1,0,0,0,0
4266,269.83,0.0,0.0,75,2,22,0,0,0,0,0,0,0,1,0,0,0,0
30927,278.4,0.0,0.0,1,1,22,0,0,0,0,0,0,0,1,0,0,0,0
3948,269.5,0.0,0.0,90,3,10,0,0,0,0,0,0,0,1,0,0,0,0
28603,282.22,0.0,0.0,90,4,16,0,0,0,0,0,0,0,1,0,0,0,0
28140,283.95,0.0,0.0,1,1,20,0,0,0,0,0,0,0,1,0,0,0,0
34765,286.77,0.0,0.0,1,3,6,0,0,0,0,0,0,0,1,0,0,0,0
22800,284.69,0.0,0.0,90,3,13,0,0,0,0,0,0,0,1,0,0,0,0
16999,293.94,0.0,0.0,1,3,9,0,0,0,0,0,0,0,1,0,0,0,0
14280,284.25,0.34,0.0,68,2,19,0,0,0,0,0,0,0,1,0,0,0,0
22340,274.36,0.0,0.0,75,4,16,0,0,0,0,0,0,0,1,0,0,0,0
9841,275.55,0.0,0.0,75,0,2,0,0,0,0,0,0,0,1,0,0,0,0
5746,275.56,0.0,0.0,90,3,13,0,0,0,0,0,0,0,1,0,0,0,0
43872,289.16,0.0,0.0,40,0,1,0,0,0,0,0,0,0,1,0,0,0,0
45921,294.69,0.0,0.0,1,2,10,0,0,0,0,0,0,0,1,0,0,0,0
40813,276.08,0.0,0.0,75,3,13,0,0,0,0,0,0,0,1,0,0,0,0
2749,263.44,0.0,0.0,20,1,19,0,0,0,0,0,0,0,1,0,0,0,0
18808,285.22,0.0,0.0,90,0,4,0,0,0,0,0,0,0,1,0,0,0,0
6909,286.66,0.0,0.0,12,4,6,0,0,0,0,0,0,0,1,0,0,0,0
21829,281.79,0.0,0.0,90,1,22,0,0,0,0,0,0,0,1,0,0,0,0
1039,282.06,0.0,0.0,40,4,17,0,0,0,0,0,0,0,1,0,0,0,0
14439,287.32,0.0,0.0,88,4,7,0,0,0,0,0,0,0,1,0,0,0,0
41138,262.35,0.0,0.0,1,0,23,0,0,0,0,0,0,0,1,0,0,0,0
23565,299.67,0.0,0.0,90,4,15,0,0,0,0,0,0,0,1,0,0,0,0
12805,275.65,0.0,0.0,75,0,1,0,0,0,0,0,0,0,1,0,0,0,0
8154,295.17,0.0,0.0,0,2,11,0,0,0,0,0,0,0,1,0,0,0,0
37361,296.46,0.0,0.0,90,3,9,0,0,0,0,0,0,0,1,0,0,0,0
26821,287.59,0.0,0.0,92,1,5,0,0,0,0,0,0,0,1,0,0,0,0
12619,250.14,0.0,0.0,90,0,1,0,0,0,0,0,0,0,1,0,0,0,0
12877,266.52,0.0,0.0,20,0,1,0,0,0,0,0,0,0,1,0,0,0,0
31807,274.83,0.0,0.0,90,1,22,0,0,0,0,0,0,0,1,0,0,0,0
29891,267.08,0.0,0.0,90,2,13,0,0,0,0,0,0,0,1,0,0,0,0
2217,269.58,0.0,0.0,90,1,21,0,0,0,0,0,0,0,1,0,0,0,0
20250,261.45,0.0,0.0,1,1,22,0,0,0,0,0,0,0,1,0,0,0,0
30621,274.16,0.0,0.0,90,1,19,0,0,0,0,0,0,0,1,0,0,0,0
1816,269.93,0.0,0.0,93,0,2,0,0,0,0,0,0,0,1,0,0,0,0
14228,288.9,0.0,0.0,1,2,10,0,0,0,0,0,0,0,1,0,0,0,0
11711,260.04,0.0,0.0,64,0,2,0,0,0,0,0,0,0,1,0,0,0,0
20615,268.08,0.0,0.0,90,3,12,0,0,0,0,0,0,0,1,0,0,0,0
42902,271.79,0.0,0.0,90,2,17,0,0,0,0,0,0,0,1,0,0,0,0
36377,290.58,0.0,0.0,1,0,0,0,0,0,0,0,0,0,1,0,0,0,0
45268,291.42,0.0,0.0,1,0,3,0,0,0,0,0,0,0,1,0,0,0,0
9713,278.24,0.0,0.0,64,4,15,0,0,0,0,0,0,0,1,0,0,0,0
37652,292.51,0.0,0.0,90,4,16,0,0,0,0,0,0,0,1,0,0,0,0
26536,297.93,0.0,0.0,1,2,18,0,0,0,0,0,0,0,1,0,0,0,0
12278,265.62,0.0,0.0,90,1,23,0,0,0,0,0,0,0,1,0,0,0,0
15479,297.49,0.0,0.0,0,2,17,0,0,0,0,0,0,0,1,0,0,0,0
25422,296.35,0.0,0.0,20,0,0,0,0,0,0,0,0,0,1,0,0,0,0
18102,287.04,0.0,0.0,40,4,8,0,0,0,0,0,0,0,1,0,0,0,0
17868,300.19,0.0,0.0,40,2,19,0,0,0,0,0,0,0,1,0,0,0,0
15938,288.3,0.0,0.0,1,4,7,0,0,0,0,0,0,0,1,0,0,0,0
14864,287.84,0.0,0.0,1,0,3,0,0,0,0,0,0,0,1,0,0,0,0
41974,263.0,0.0,0.0,1,1,5,0,0,0,0,0,0,0,1,0,0,0,0
40859,272.79,0.0,0.0,90,2,9,0,0,0,0,0,0,0,1,0,0,0,0
11081,249.15,0.0,0.0,1,0,0,0,0,0,0,0,0,0,1,0,0,0,0
23779,290.29,0.0,0.0,1,1,22,0,0,0,0,0,0,0,1,0,0,0,0
45845,296.15,0.0,0.0,1,2,9,0,0,0,0,0,0,0,1,0,0,0,0
44082,293.09,0.0,0.0,90,4,17,0,0,0,0,0,0,0,1,0,0,0,0
27716,278.653,0.0,0.0,64,0,4,0,0,0,0,0,0,0,1,0,0,0,0
33754,284.79,0.0,0.0,90,0,1,0,0,0,0,0,0,0,1,0,0,0,0
7242,297.1,0.0,0.0,76,0,0,0,0,0,0,0,0,0,1,0,0,0,0
2080,275.44,0.0,0.0,90,2,14,0,0,0,0,0,0,0,1,0,0,0,0
47215,285.49,0.25,0.0,1,0,4,0,0,0,0,0,0,0,1,0,0,0,0
16438,294.42,0.0,0.0,1,3,9,0,0,0,0,0,0,0,1,0,0,0,0
14213,285.21,0.42,0.0,1,0,1,0,0,0,0,0,0,0,1,0,0,0,0
47684,302.77,0.0,0.0,75,3,17,0,0,0,0,0,0,0,1,0,0,0,0
12027,256.56,0.0,0.0,90,3,12,0,0,0,0,0,0,0,1,0,0,0,0
47261,300.79,0.25,0.0,1,3,17,0,0,0,0,0,0,0,1,0,0,0,0
6166,287.15,0.0,0.0,90,2,10,0,0,0,0,0,0,0,1,0,0,0,0
38190,293.95,0.0,0.0,1,2,20,0,0,0,0,0,0,0,1,0,0,0,0
45093,294.58,0.0,0.0,75,3,13,0,0,0,0,0,0,0,1,0,0,0,0
16828,301.31,0.0,0.0,1,3,13,0,0,0,0,0,0,0,1,0,0,0,0
42927,262.29,0.0,0.0,1,1,5,0,0,0,0,0,0,0,1,0,0,0,0
13475,281.37,0.0,0.0,75,0,0,0,0,0,0,0,0,0,1,0,0,0,0
3715,271.84,0.0,0.0,90,2,18,0,0,0,0,0,0,0,1,0,0,0,0
2795,271.48,0.0,0.0,98,1,20,0,0,0,0,0,0,0,1,0,0,0,0
19596,270.58,0.0,0.0,1,0,3,0,0,0,0,0,0,0,1,0,0,0,0
649,278.27,0.0,0.0,90,1,5,0,0,0,0,0,0,0,1,0,0,0,0
871,276.29,0.0,0.0,75,2,18,0,0,0,0,0,0,0,1,0,0,0,0
38943,279.15,0.0,0.0,90,2,21,0,0,0,0,0,0,0,1,0,0,0,0
20496,273.02,0.0,0.0,90,0,4,0,0,0,0,0,0,0,1,0,0,0,0
33031,286.89,0.0,0.0,90,4,16,0,0,0,0,0,0,0,1,0,0,0,0
47366,294.82,0.51,0.0,90,1,20,0,0,0,0,0,0,0,1,0,0,0,0
8031,290.86,0.0,0.0,32,1,21,0,0,0,0,0,0,0,1,0,0,0,0
11120,252.46,0.0,0.0,90,2,11,0,0,0,0,0,0,0,1,0,0,0,0
31509,286.64,0.0,0.0,75,3,14,0,0,0,0,0,0,0,1,0,0,0,0
45872,298.21,0.0,0.0,5,1,9,0,0,0,0,0,0,0,1,0,0,0,0
6187,293.73,0.0,0.0,1,0,2,0,0,0,0,0,0,0,1,0,0,0,0
47120,297.85,1.78,0.0,40,3,9,0,0,0,0,0,0,0,1,0,0,0,0
21049,260.8,0.0,0.0,1,0,23,0,0,0,0,0,0,0,1,0,0,0,0
20507,273.8,0.0,0.25,90,3,13,0,0,0,0,0,0,0,1,0,0,0,0
17577,285.14,0.0,0.0,1,3,8,0,0,0,0,0,0,0,1,0,0,0,0
32476,294.08,0.0,0.0,1,2,17,0,0,0,0,0,0,0,1,0,0,0,0
12384,274.0,0.0,0.0,90,3,9,0,0,0,0,0,0,0,1,0,0,0,0
45186,295.22,0.0,0.0,1,0,23,0,0,0,0,0,0,0,1,0,0,0,0
2939,257.97,0.0,0.0,1,0,23,0,0,0,0,0,0,0,1,0,0,0,0
18247,287.67,0.0,0.0,1,3,6,0,0,0,0,0,0,0,1,0,0,0,0
12334,266.77,0.0,0.0,20,4,7,0,0,0,0,0,0,0,1,0,0,0,0
40150,257.79,0.0,0.0,90,2,9,0,0,0,0,0,0,0,1,0,0,0,0
18472,291.49,0.0,0.0,75,0,2,0,0,0,0,0,0,0,1,0,0,0,0
35,284.55,0.0,0.0,1,0,0,0,0,0,0,0,0,0,1,0,0,0,0
45757,297.62,0.0,0.0,75,3,8,0,0,0,0,0,0,0,1,0,0,0,0
8946,286.86,0.0,0.0,90,1,23,0,0,0,0,0,0,0,1,0,0,0,0
32619,281.84,0.0,0.0,90,1,22,0,0,0,0,0,0,0,1,0,0,0,0
42800,269.69,0.0,0.0,1,3,14,0,0,0,0,0,0,0,1,0,0,0,0
27473,276.055,0.0,0.0,68,0,23,0,0,0,0,0,0,0,1,0,0,0,0
28096,275.34,0.0,0.0,90,3,6,0,0,0,0,0,0,0,1,0,0,0,0
32888,277.82,0.0,0.0,90,4,8,0,0,0,0,0,0,0,1,0,0,0,0
11420,273.36,0.0,0.0,64,0,2,0,0,0,0,0,0,0,1,0,0,0,0
46045,290.22,0.0,0.0,1,0,5,0,0,0,0,0,0,0,1,0,0,0,0
7489,296.06,0.0,0.0,56,0,5,0,0,0,0,0,0,0,1,0,0,0,0
34677,288.86,0.0,0.0,40,0,4,0,0,0,0,0,0,0,1,0,0,0,0
708,273.62,0.0,0.0,20,1,23,0,0,0,0,0,0,0,1,0,0,0,0
27765,276.75,0.0,0.0,75,1,5,0,0,0,0,0,0,0,1,0,0,0,0
37373,304.82,0.0,0.0,40,2,19,0,0,0,0,0,0,0,1,0,0,0,0
38048,280.29,0.0,0.0,90,0,2,0,0,0,0,0,0,0,1,0,0,0,0
20053,274.88,0.0,0.0,90,4,16,0,0,0,0,0,0,0,1,0,0,0,0
33832,279.15,0.0,0.0,90,3,12,0,0,0,0,0,0,0,1,0,0,0,0
1776,278.64,0.0,0.0,40,3,11,0,0,0,0,0,0,0,1,0,0,0,0
6380,279.9,0.0,0.0,1,0,3,0,0,0,0,0,0,0,1,0,0,0,0
3871,263.42,0.0,0.0,40,0,1,0,0,0,0,0,0,0,1,0,0,0,0
1228,276.8,0.0,0.0,0,3,8,0,0,0,0,0,0,0,1,0,0,0,0
4643,272.78,0.0,0.0,75,1,7,0,0,0,0,0,0,0,1,0,0,0,0
41491,265.62,0.0,0.0,1,1,5,0,0,0,0,0,0,0,1,0,0,0,0
40804,268.35,0.0,0.0,1,0,6,0,0,0,0,0,0,0,1,0,0,0,0
31916,272.22,0.0,0.0,1,3,11,0,0,0,0,0,0,0,1,0,0,0,0
42978,265.22,0.0,0.0,20,4,7,0,0,0,0,0,0,0,1,0,0,0,0
20771,266.65,0.0,0.0,90,3,12,0,0,0,0,0,0,0,1,0,0,0,0
507,291.47,0.0,0.0,20,2,18,0,0,0,0,0,0,0,1,0,0,0,0
13078,275.2,0.0,0.0,75,3,10,0,0,0,0,0,0,0,1,0,0,0,0
2470,265.27,0.0,0.0,90,0,2,0,0,0,0,0,0,0,1,0,0,0,0
46981,291.78,0.38,0.0,90,3,8,0,0,0,0,0,0,0,1,0,0,0,0
20948,270.51,0.0,0.0,1,0,1,0,0,0,0,0,0,0,1,0,0,0,0
27744,281.469,0.0,0.0,0,3,8,0,0,0,0,0,0,0,1,0,0,0,0
18632,294.65,0.0,0.0,1,2,20,0,0,0,0,0,0,0,1,0,0,0,0
47854,288.84,0.34,0.0,90,3,13,0,0,0,0,0,0,0,1,0,0,0,0
17624,292.78,0.0,0.0,1,1,8,0,0,0,0,0,0,0,1,0,0,0,0
47385,294.24,0.38,0.0,75,3,6,0,0,0,0,0,0,0,1,0,0,0,0
690,273.71,0.0,0.0,1,0,5,0,0,0,0,0,0,0,1,0,0,0,0
39806,271.01,0.0,0.0,40,0,0,0,0,0,0,0,0,0,1,0,0,0,0
32292,282.35,0.0,0.0,90,3,12,0,0,0,0,0,0,0,1,0,0,0,0
36059,299.62,0.0,0.0,75,3,14,0,0,0,0,0,0,0,1,0,0,0,0
1595,271.68,0.0,0.0,90,0,5,0,0,0,0,0,0,0,1,0,0,0,0
6699,287.41,0.0,0.0,92,2,19,0,0,0,0,0,0,0,1,0,0,0,0
2873,275.93,0.0,0.0,90,2,17,0,0,0,0,0,0,0,1,0,0,0,0
16103,289.97,0.0,0.0,1,3,6,0,0,0,0,0,0,0,1,0,0,0,0
22429,278.65,0.0,0.0,5,4,7,0,0,0,0,0,0,0,1,0,0,0,0
45371,296.35,0.0,0.0,75,3,13,0,0,0,0,0,0,0,1,0,0,0,0
45165,291.36,0.0,0.0,75,0,3,0,0,0,0,0,0,0,1,0,0,0,0
18160,287.23,0.0,0.0,75,1,21,0,0,0,0,0,0,0,1,0,0,0,0
31733,259.71,0.0,0.0,1,0,1,0,0,0,0,0,0,0,1,0,0,0,0
35746,289.68,0.0,0.0,1,3,6,0,0,0,0,0,0,0,1,0,0,0,0
26078,292.06,0.0,0.0,90,2,17,0,0,0,0,0,0,0,1,0,0,0,0
14362,278.75,0.0,0.0,32,0,2,0,0,0,0,0,0,0,1,0,0,0,0
32507,288.23,0.0,0.0,90,1,20,0,0,0,0,0,0,0,1,0,0,0,0
12406,259.31,0.0,0.0,90,2,7,0,0,0,0,0,0,0,1,0,0,0,0
9633,274.15,0.0,0.0,90,2,20,0,0,0,0,0,0,0,1,0,0,0,0
36468,295.08,0.0,0.0,40,1,22,0,0,0,0,0,0,0,1,0,0,0,0
14139,287.48,7.39,0.0,90,3,17,0,0,0,0,0,0,0,1,0,0,0,0
18138,288.57,0.64,0.0,90,2,5,0,0,0,0,0,0,0,1,0,0,0,0
46831,291.08,0.0,0.0,1,0,7,0,0,0,0,0,0,0,1,0,0,0,0
14200,293.78,0.0,0.0,40,3,16,0,0,0,0,0,0,0,1,0,0,0,0
2025,272.37,0.0,0.0,75,2,12,0,0,0,0,0,0,0,1,0,0,0,0
46986,291.85,2.41,0.0,90,3,9,0,0,0,0,0,0,0,1,0,0,0,0
31718,265.35,0.0,0.0,1,2,10,0,0,0,0,0,0,0,1,0,0,0,0
27628,281.469,0.0,0.0,80,3,12,0,0,0,0,0,0,0,1,0,0,0,0
45236,291.87,0.0,0.0,1,1,0,0,0,0,0,0,0,0,1,0,0,0,0
16655,293.64,13.64,0.0,90,0,1,0,0,0,0,0,0,0,1,0,0,0,0
30491,271.88,0.0,0.0,90,3,15,0,0,0,0,0,0,0,1,0,0,0,0
25398,295.3,0.0,0.0,40,0,0,0,0,0,0,0,0,0,1,0,0,0,0
41560,264.29,0.0,0.0,1,1,23,0,0,0,0,0,0,0,1,0,0,0,0
34483,295.28,0.0,0.0,90,2,19,0,0,0,0,0,0,0,1,0,0,0,0
22359,274.44,0.0,0.0,1,3,13,0,0,0,0,0,0,0,1,0,0,0,0
36418,286.65,0.0,0.0,1,0,4,0,0,0,0,0,0,0,1,0,0,0,0
22180,274.55,0.0,0.0,1,4,7,0,0,0,0,0,0,0,1,0,0,0,0
40716,259.14,0.0,0.0,5,3,15,0,0,0,0,0,0,0,1,0,0,0,0
11848,252.65,0.0,0.0,1,0,1,0,0,0,0,0,0,0,1,0,0,0,0
31325,271.96,0.0,0.0,1,2,19,0,0,0,0,0,0,0,1,0,0,0,0
12879,268.42,0.0,0.0,90,0,3,0,0,0,0,0,0,0,1,0,0,0,0
47417,294.12,2.92,0.0,75,3,18,0,0,0,0,0,0,0,1,0,0,0,0
45237,290.58,0.0,0.0,1,0,1,0,0,0,0,0,0,0,1,0,0,0,0
43659,279.72,0.0,0.0,1,2,23,0,0,0,0,0,0,0,1,0,0,0,0
29819,257.02,0.0,0.0,1,3,14,0,0,0,0,0,0,0,1,0,0,0,0
45032,300.72,0.0,0.0,40,0,3,0,0,0,0,0,0,0,1,0,0,0,0
29108,258.88,0.0,0.0,20,2,21,0,0,0,0,0,0,0,1,0,0,0,0
4323,272.87,0.0,0.0,90,2,9,0,0,0,0,0,0,0,1,0,0,0,0
47253,295.68,0.25,0.0,1,3,10,0,0,0,0,0,0,0,1,0,0,0,0
32884,278.02,0.0,0.0,90,3,6,0,0,0,0,0,0,0,1,0,0,0,0
5822,285.56,0.0,0.0,1,0,23,0,0,0,0,0,0,0,1,0,0,0,0
27863,282.87,0.0,0.0,1,0,1,0,0,0,0,0,0,0,1,0,0,0,0
30798,264.09,0.0,0.0,1,0,2,0,0,0,0,0,0,0,1,0,0,0,0
35460,289.89,0.0,0.0,1,0,2,0,0,0,0,0,0,0,1,0,0,0,0
48023,289.02,0.0,0.0,1,0,2,0,0,0,0,0,0,0,1,0,0,0,0
35064,292.22,0.0,0.0,1,0,7,0,0,0,0,0,0,0,1,0,0,0,0
1561,272.98,0.0,0.0,90,4,17,0,0,0,0,0,0,0,1,0,0,0,0
5029,272.08,0.0,0.0,90,3,9,0,0,0,0,0,0,0,1,0,0,0,0
924,280.56,0.0,0.0,46,0,0,0,0,0,0,0,0,0,1,0,0,0,0
44377,296.58,0.0,0.0,75,3,10,0,0,0,0,0,0,0,1,0,0,0,0
4626,278.9,0.0,0.0,75,3,14,0,0,0,0,0,0,0,1,0,0,0,0
8111,294.28,0.0,0.0,64,3,12,0,0,0,0,0,0,0,1,0,0,0,0
21157,262.36,0.0,0.0,90,2,10,0,0,0,0,0,0,0,1,0,0,0,0
18824,284.33,0.0,0.0,1,0,23,0,0,0,0,0,0,0,1,0,0,0,0
19337,290.99,0.0,0.0,90,3,12,0,0,0,0,0,0,0,1,0,0,0,0
42480,272.08,0.0,0.0,90,3,13,0,0,0,0,0,0,0,1,0,0,0,0
34332,302.75,0.0,0.0,75,3,18,0,0,0,0,0,0,0,1,0,0,0,0
35869,291.43,0.0,0.0,40,4,8,0,0,0,0,0,0,0,1,0,0,0,0
20323,260.83,0.0,0.0,75,2,6,0,0,0,0,0,0,0,1,0,0,0,0
6057,286.42,0.0,0.0,1,1,5,0,0,0,0,0,0,0,1,0,0,0,0
37219,289.15,0.0,0.0,90,2,22,0,0,0,0,0,0,0,1,0,0,0,0
21629,276.61,0.0,0.0,1,3,17,0,0,0,0,0,0,0,1,0,0,0,0
21472,275.02,0.0,0.0,90,2,21,0,0,0,0,0,0,0,1,0,0,0,0
18005,299.6,0.0,0.0,1,0,1,0,0,0,0,0,0,0,1,0,0,0,0
40250,249.84,0.0,0.0,1,2,19,0,0,0,0,0,0,0,1,0,0,0,0
8654,301.1,0.0,0.0,0,2,20,0,0,0,0,0,0,0,1,0,0,0,0
23175,285.6,0.81,0.0,90,1,22,0,0,0,0,0,0,0,1,0,0,0,0
35352,290.48,0.0,0.0,1,1,7,0,0,0,0,0,0,0,1,0,0,0,0
39540,264.3,0.0,0.0,5,3,7,0,0,0,0,0,0,0,1,0,0,0,0
23775,296.3,0.0,0.0,40,2,19,0,0,0,0,0,0,0,1,0,0,0,0
42131,269.0,0.0,0.0,1,2,21,0,0,0,0,0,0,0,1,0,0,0,0
9537,278.95,1.09,0.0,68,0,1,0,0,0,0,0,0,0,1,0,0,0,0
44753,291.22,0.0,0.0,75,3,10,0,0,0,0,0,0,0,1,0,0,0,0
32525,280.09,0.0,0.0,90,3,12,0,0,0,0,0,0,0,1,0,0,0,0
28540,275.02,0.0,0.0,90,2,12,0,0,0,0,0,0,0,1,0,0,0,0
47138,291.46,2.79,0.0,75,0,0,0,0,0,0,0,0,0,1,0,0,0,0
25457,294.11,0.0,0.0,75,4,7,0,0,0,0,0,0,0,1,0,0,0,0
28310,274.15,0.0,0.0,90,2,10,0,0,0,0,0,0,0,1,0,0,0,0
6408,284.93,0.0,0.0,90,0,2,0,0,0,0,0,0,0,1,0,0,0,0
29898,267.55,0.0,0.0,90,3,16,0,0,0,0,0,0,0,1,0,0,0,0
23973,296.94,0.0,0.0,20,1,20,0,0,0,0,0,0,0,1,0,0,0,0
41105,270.09,0.0,0.0,1,1,20,0,0,0,0,0,0,0,1,0,0,0,0
31703,265.4,0.0,0.0,90,0,0,0,0,0,0,0,0,0,1,0,0,0,0
31480,272.65,0.0,0.0,5,2,9,0,0,0,0,0,0,0,1,0,0,0,0
33643,289.88,0.0,0.0,75,4,16,0,0,0,0,0,0,0,1,0,0,0,0
35240,293.43,0.0,0.0,1,0,0,0,0,0,0,0,0,0,1,0,0,0,0
24086,303.01,0.0,0.0,0,3,12,0,0,0,0,0,0,0,1,0,0,0,0
43959,287.62,0.0,0.0,1,1,22,0,0,0,0,0,0,0,1,0,0,0,0
43132,281.08,0.0,0.0,90,4,17,0,0,0,0,0,0,0,1,0,0,0,0
17962,298.27,0.0,0.0,20,3,10,0,0,0,0,0,0,0,1,0,0,0,0
41593,266.72,0.0,0.0,1,0,6,0,0,0,0,0,0,0,1,0,0,0,0
20814,272.01,0.0,0.0,90,1,19,0,0,0,0,0,0,0,1,0,0,0,0
1167,268.35,0.0,0.0,90,2,18,0,0,0,0,0,0,0,1,0,0,0,0
35748,289.49,0.0,0.0,1,4,7,0,0,0,0,0,0,0,1,0,0,0,0
37297,299.29,0.0,0.0,75,4,17,0,0,0,0,0,0,0,1,0,0,0,0
7934,296.07,0.0,0.0,64,2,20,0,0,0,0,0,0,0,1,0,0,0,0
40492,274.95,0.0,0.0,90,3,9,0,0,0,0,0,0,0,1,0,0,0,0
38362,274.75,0.0,0.0,90,0,0,0,0,0,0,0,0,0,1,0,0,0,0
27134,280.091,0.0,0.0,0,1,5,0,0,0,0,0,0,0,1,0,0,0,0
21291,265.35,0.0,0.0,75,1,23,0,0,0,0,0,0,0,1,0,0,0,0
27832,284.63,0.0,0.0,1,1,20,0,0,0,0,0,0,0,1,0,0,0,0
38678,278.72,0.0,0.0,90,0,1,0,0,0,0,0,0,0,1,0,0,0,0
14714,295.64,0.0,0.0,1,1,21,0,0,0,0,0,0,0,1,0,0,0,0
5232,277.1,0.0,0.0,90,3,14,0,0,0,0,0,0,0,1,0,0,0,0
26205,285.58,0.0,0.0,1,3,6,0,0,0,0,0,0,0,1,0,0,0,0
9074,281.15,0.0,0.0,1,0,2,0,0,0,0,0,0,0,1,0,0,0,0
25835,293.93,0.0,0.0,32,0,1,0,0,0,0,0,0,0,1,0,0,0,0
33081,275.95,0.0,0.0,90,3,12,0,0,0,0,0,0,0,1,0,0,0,0
3795,266.95,0.0,0.0,90,3,17,0,0,0,0,0,0,0,1,0,0,0,0
42472,270.68,0.0,0.0,90,3,9,0,0,0,0,0,0,0,1,0,0,0,0
38007,278.29,0.0,0.0,1,0,2,0,0,0,0,0,0,0,1,0,0,0,0
23876,290.08,0.0,0.0,75,3,11,0,0,0,0,0,0,0,1,0,0,0,0
10369,274.02,0.25,0.0,64,4,16,0,0,0,0,0,0,0,1,0,0,0,0
35906,286.08,0.0,0.0,90,3,11,0,0,0,0,0,0,0,1,0,0,0,0
28981,261.88,0.0,0.0,90,3,15,0,0,0,0,0,0,0,1,0,0,0,0
42370,268.02,0.0,0.0,1,0,4,0,0,0,0,0,0,0,1,0,0,0,0
13165,267.06,0.0,0.0,90,0,1,0,0,0,0,0,0,0,1,0,0,0,0
42401,274.22,0.0,0.0,1,3,11,0,0,0,0,0,0,0,1,0,0,0,0
36038,299.15,0.0,0.0,40,4,17,0,0,0,0,0,0,0,1,0,0,0,0
6877,288.37,0.25,0.0,68,0,4,0,0,0,0,0,0,0,1,0,0,0,0
47675,294.53,0.0,0.0,75,4,8,0,0,0,0,0,0,0,1,0,0,0,0
25916,287.55,0.0,0.0,1,1,5,0,0,0,0,0,0,0,1,0,0,0,0
47476,283.88,2.29,0.0,1,2,5,0,0,0,0,0,0,0,1,0,0,0,0
35541,292.02,0.0,0.0,1,1,5,0,0,0,0,0,0,0,1,0,0,0,0
39765,267.58,0.0,0.0,90,3,14,0,0,0,0,0,0,0,1,0,0,0,0
44155,292.16,0.0,0.0,1,0,1,0,0,0,0,0,0,0,1,0,0,0,0
45033,299.49,0.0,0.0,40,0,4,0,0,0,0,0,0,0,1,0,0,0,0
17891,293.54,0.42,0.0,90,3,6,0,0,0,0,0,0,0,1,0,0,0,0
9411,292.15,0.0,0.0,1,2,21,0,0,0,0,0,0,0,1,0,0,0,0
38923,278.08,0.0,0.0,90,3,10,0,0,0,0,0,0,0,1,0,0,0,0
8752,288.98,0.0,0.0,0,2,12,0,0,0,0,0,0,0,1,0,0,0,0
46444,294.72,0.0,0.0,40,0,3,0,0,0,0,0,0,0,1,0,0,0,0
43108,276.75,0.0,0.0,40,1,20,0,0,0,0,0,0,0,1,0,0,0,0
11815,251.52,0.0,0.0,1,3,16,0,0,0,0,0,0,0,1,0,0,0,0
19681,274.55,0.0,0.0,90,0,8,0,0,0,0,0,0,0,1,0,0,0,0
17738,294.15,0.0,0.0,1,3,12,0,0,0,0,0,0,0,1,0,0,0,0
36240,289.58,0.0,0.0,1,3,6,0,0,0,0,0,0,0,1,0,0,0,0
40342,253.85,0.0,0.0,75,2,10,0,0,0,0,0,0,0,1,0,0,0,0
8169,286.11,0.0,0.0,92,0,2,0,0,0,0,0,0,0,1,0,0,0,0
34424,289.55,0.0,0.0,90,1,10,0,0,0,0,0,0,0,1,0,0,0,0
21696,275.72,0.0,0.0,90,0,0,0,0,0,0,0,0,0,1,0,0,0,0
9170,293.5,0.0,0.0,75,1,7,0,0,0,0,0,0,0,1,0,0,0,0
35578,301.94,0.0,0.0,1,3,13,0,0,0,0,0,0,0,1,0,0,0,0
9551,280.08,0.0,0.0,32,3,11,0,0,0,0,0,0,0,1,0,0,0,0
15615,295.4,0.0,0.0,75,2,10,0,0,0,0,0,0,0,1,0,0,0,0
45796,295.3,0.0,0.0,40,3,6,0,0,0,0,0,0,0,1,0,0,0,0
5443,273.89,0.0,0.0,90,3,18,0,0,0,0,0,0,0,1,0,0,0,0
47626,293.2,2.79,0.0,90,3,9,0,0,0,0,0,0,0,1,0,0,0,0
35723,290.61,0.0,0.0,1,4,7,0,0,0,0,0,0,0,1,0,0,0,0
44665,290.29,0.0,0.0,5,1,22,0,0,0,0,0,0,0,1,0,0,0,0
24601,295.31,0.0,0.0,75,2,19,0,0,0,0,0,0,0,1,0,0,0,0
35233,301.75,0.0,0.0,40,4,17,0,0,0,0,0,0,0,1,0,0,0,0
26393,297.08,0.0,0.0,40,3,14,0,0,0,0,0,0,0,1,0,0,0,0
43268,268.95,0.0,0.0,90,0,19,0,0,0,0,0,0,0,1,0,0,0,0
43644,276.0,0.0,0.0,1,2,8,0,0,0,0,0,0,0,1,0,0,0,0
26981,285.91,0.0,0.0,0,1,20,0,0,0,0,0,0,0,1,0,0,0,0
22229,275.4,0.0,0.0,90,3,14,0,0,0,0,0,0,0,1,0,0,0,0
16781,293.14,0.0,0.0,1,0,0,0,0,0,0,0,0,0,1,0,0,0,0
108,275.05,0.0,0.0,90,1,6,0,0,0,0,0,0,0,1,0,0,0,0
22757,285.29,1.02,0.0,90,1,20,0,0,0,0,0,0,0,1,0,0,0,0
7591,290.53,0.0,0.0,0,0,4,0,0,0,0,0,0,0,1,0,0,0,0
34244,291.27,0.0,0.0,1,0,2,0,0,0,0,0,0,0,1,0,0,0,0
37411,293.38,0.0,0.0,40,1,8,0,0,0,0,0,0,0,1,0,0,0,0
7683,296.71,0.0,0.0,0,2,17,0,0,0,0,0,0,0,1,0,0,0,0
6638,282.69,0.0,0.0,40,4,8,0,0,0,0,0,0,0,1,0,0,0,0
37323,295.94,0.0,0.0,1,3,18,0,0,0,0,0,0,0,1,0,0,0,0
15260,295.86,0.0,0.0,1,0,0,0,0,0,0,0,0,0,1,0,0,0,0
47566,290.17,0.0,0.0,40,1,21,0,0,0,0,0,0,0,1,0,0,0,0
23918,290.32,0.7,0.0,40,1,22,0,0,0,0,0,0,0,1,0,0,0,0
35849,300.07,0.0,0.0,1,3,12,0,0,0,0,0,0,0,1,0,0,0,0
2395,255.85,0.0,0.0,20,2,10,0,0,0,0,0,0,0,1,0,0,0,0
21635,272.35,0.0,0.0,1,0,3,0,0,0,0,0,0,0,1,0,0,0,0
7573,294.51,1.27,0.0,88,3,10,0,0,0,0,0,0,0,1,0,0,0,0
42261,275.36,0.0,0.0,90,2,16,0,0,0,0,0,0,0,1,0,0,0,0
41268,261.86,0.0,0.0,90,2,13,0,0,0,0,0,0,0,1,0,0,0,0
33316,285.78,0.0,0.0,1,1,21,0,0,0,0,0,0,0,1,0,0,0,0
38453,272.81,0.0,0.0,90,0,7,0,0,0,0,0,0,0,1,0,0,0,0
2160,268.08,0.0,0.0,90,3,13,0,0,0,0,0,0,0,1,0,0,0,0
21296,265.35,0.0,0.0,90,0,2,0,0,0,0,0,0,0,1,0,0,0,0
30499,271.58,0.0,0.0,90,0,23,0,0,0,0,0,0,0,1,0,0,0,0
6947,290.14,5.74,0.0,92,3,10,0,0,0,0,0,0,0,1,0,0,0,0
4690,284.21,0.0,0.0,1,2,17,0,0,0,0,0,0,0,1,0,0,0,0
45348,294.35,0.0,0.0,90,4,16,0,0,0,0,0,0,0,1,0,0,0,0
18347,295.61,0.0,0.0,90,3,13,0,0,0,0,0,0,0,1,0,0,0,0
18567,292.96,0.0,0.0,90,4,16,0,0,0,0,0,0,0,1,0,0,0,0
25257,304.37,0.0,0.0,20,3,14,0,0,0,0,0,0,0,1,0,0,0,0
14602,288.28,0.0,0.0,8,0,5,0,0,0,0,0,0,0,1,0,0,0,0
27353,295.426,0.0,0.0,92,3,12,0,0,0,0,0,0,0,1,0,0,0,0
47959,283.95,0.0,0.0,90,3,10,0,0,0,0,0,0,0,1,0,0,0,0
47157,289.46,1.27,0.0,40,3,9,0,0,0,0,0,0,0,1,0,0,0,0
32200,278.95,0.0,0.0,75,0,23,0,0,0,0,0,0,0,1,0,0,0,0
11491,258.69,0.0,0.0,64,2,10,0,0,0,0,0,0,0,1,0,0,0,0
47786,288.29,5.12,0.0,90,0,4,0,0,0,0,0,0,0,1,0,0,0,0
28959,264.22,0.0,0.0,1,4,17,0,0,0,0,0,0,0,1,0,0,0,0
21630,274.15,0.0,0.0,1,2,19,0,0,0,0,0,0,0,1,0,0,0,0
14641,297.03,0.0,0.0,90,1,20,0,0,0,0,0,0,0,1,0,0,0,0
37595,292.49,0.0,0.0,75,3,17,0,0,0,0,0,0,0,1,0,0,0,0
42687,274.65,0.0,0.0,90,3,12,0,0,0,0,0,0,0,1,0,0,0,0
46461,299.94,0.0,0.0,90,2,18,0,0,0,0,0,0,0,1,0,0,0,0
36592,292.43,0.0,0.0,90,3,13,0,0,0,0,0,0,0,1,0,0,0,0
2376,263.75,0.0,0.0,1,1,15,0,0,0,0,0,0,0,1,0,0,0,0
17987,296.26,0.63,0.0,75,2,8,0,0,0,0,0,0,0,1,0,0,0,0
30862,256.83,0.0,0.0,1,1,5,0,0,0,0,0,0,0,1,0,0,0,0
27400,292.473,0.0,0.0,64,3,15,0,0,0,0,0,0,0,1,0,0,0,0
25129,296.24,0.0,0.0,75,0,1,0,0,0,0,0,0,0,1,0,0,0,0
34020,289.42,0.0,0.0,40,0,0,0,0,0,0,0,0,0,1,0,0,0,0
44601,298.86,0.0,0.0,75,3,18,0,0,0,0,0,0,0,1,0,0,0,0
38975,273.3,0.0,0.0,90,3,13,0,0,0,0,0,0,0,1,0,0,0,0
4234,274.74,0.0,0.0,90,0,0,0,0,0,0,0,0,0,1,0,0,0,0
21237,260.3,0.0,0.0,1,3,6,0,0,0,0,0,0,0,1,0,0,0,0
3973,276.74,0.0,0.0,75,4,15,0,0,0,0,0,0,0,1,0,0,0,0
15202,290.27,0.0,0.0,1,3,10,0,0,0,0,0,0,0,1,0,0,0,0
381,284.69,0.0,0.0,90,4,7,0,0,0,0,0,0,0,1,0,0,0,0
33772,281.83,0.0,0.0,90,4,8,0,0,0,0,0,0,0,1,0,0,0,0
30464,272.858,0.0,0.0,68,4,17,0,0,0,0,0,0,0,1,0,0,0,0
4634,274.53,0.0,0.0,1,1,22,0,0,0,0,0,0,0,1,0,0,0,0
40058,256.95,0.0,0.0,1,0,1,0,0,0,0,0,0,0,1,0,0,0,0
27303,270.969,0.0,0.0,0,3,8,0,0,0,0,0,0,0,1,0,0,0,0
39245,276.86,0.0,0.0,40,2,15,0,0,0,0,0,0,0,1,0,0,0,0
47610,301.14,0.0,0.0,75,4,17,0,0,0,0,0,0,0,1,0,0,0,0
37880,285.62,0.0,0.0,1,1,22,0,0,0,0,0,0,0,1,0,0,0,0
9636,274.65,0.0,0.0,40,3,9,0,0,0,0,0,0,0,1,0,0,0,0
35495,294.02,0.0,0.0,90,1,22,0,0,0,0,0,0,0,1,0,0,0,0
1897,270.81,0.0,0.0,90,1,20,0,0,0,0,0,0,0,1,0,0,0,0
45889,292.75,0.0,0.0,1,0,2,0,0,0,0,0,0,0,1,0,0,0,0
20321,264.09,0.0,0.0,1,0,3,0,0,0,0,0,0,0,1,0,0,0,0
10312,274.08,0.38,0.0,64,1,20,0,0,0,0,0,0,0,1,0,0,0,0
38032,283.35,0.0,0.0,90,2,19,0,0,0,0,0,0,0,1,0,0,0,0
5590,286.75,0.0,0.0,1,0,2,0,0,0,0,0,0,0,1,0,0,0,0
35923,286.35,0.0,0.0,90,4,17,0,0,0,0,0,0,0,1,0,0,0,0
37653,291.88,0.0,0.0,90,3,17,0,0,0,0,0,0,0,1,0,0,0,0
30696,262.58,0.0,0.0,5,1,20,0,0,0,0,0,0,0,1,0,0,0,0
25437,303.32,0.0,0.0,40,3,15,0,0,0,0,0,0,0,1,0,0,0,0
21866,274.86,0.0,0.0,1,4,8,0,0,0,0,0,0,0,1,0,0,0,0
28560,279.02,0.0,0.0,90,0,22,0,0,0,0,0,0,0,1,0,0,0,0
